"","HAADF","O","Cr","Fe","Ni","Pb","Bi"
"Position","Intensity","Net intensity","Net intensity","Net intensity","Net intensity","Net intensity","Net intensity"
"m","Counts","Counts","Counts","Counts","Counts","Counts","Counts"
0.000000e+00,2.140938e+04,1.459976e-01,1.897533e-01,1.746616e+00,4.695717e-02,2.642977e-02,1.875793e-03
5.295506e-11,2.139851e+04,1.434643e-01,2.107781e-01,1.668499e+00,4.740917e-02,2.399117e-02,3.498258e-03
1.059101e-10,2.140647e+04,1.487599e-01,2.309009e-01,1.631947e+00,5.379605e-02,1.595510e-02,6.855438e-03
1.588652e-10,2.141297e+04,1.679945e-01,2.500323e-01,1.670354e+00,6.786763e-02,1.461708e-02,7.632706e-03
2.118202e-10,2.136581e+04,1.739448e-01,2.274583e-01,1.688752e+00,7.783180e-02,2.270168e-02,6.417281e-03
2.647753e-10,2.144669e+04,1.524556e-01,1.928143e-01,1.646130e+00,6.877436e-02,2.699061e-02,6.454222e-03
3.177304e-10,2.138719e+04,1.326586e-01,1.744374e-01,1.656841e+00,4.936018e-02,3.334476e-02,8.152427e-03
3.706854e-10,2.140770e+04,1.330692e-01,1.504168e-01,1.716773e+00,2.821068e-02,4.153399e-02,1.070005e-02
4.236405e-10,2.149092e+04,1.354311e-01,1.373572e-01,1.740685e+00,2.362926e-02,3.112361e-02,1.135733e-02
4.765955e-10,2.149479e+04,1.174764e-01,1.486609e-01,1.750264e+00,3.959041e-02,1.490913e-02,1.166888e-02
5.295506e-10,2.147946e+04,1.205546e-01,1.871652e-01,1.780084e+00,5.603286e-02,1.719213e-02,1.054468e-02
5.825056e-10,2.148899e+04,1.574264e-01,2.129476e-01,1.791313e+00,5.406873e-02,2.967971e-02,9.446887e-03
6.354607e-10,2.148864e+04,1.772055e-01,2.032019e-01,1.773539e+00,4.495812e-02,3.145938e-02,6.998859e-03
6.884158e-10,2.151413e+04,1.698589e-01,1.835946e-01,1.717117e+00,4.899973e-02,2.463130e-02,4.910448e-03
7.413708e-10,2.152471e+04,1.542119e-01,1.627657e-01,1.628927e+00,6.625408e-02,1.309834e-02,6.496616e-03
7.943259e-10,2.151589e+04,1.331699e-01,1.508388e-01,1.570422e+00,7.541084e-02,5.574356e-03,8.222430e-03
8.472809e-10,2.162202e+04,1.324708e-01,1.470726e-01,1.583877e+00,6.585588e-02,5.925992e-03,8.690548e-03
9.002360e-10,2.157283e+04,1.517840e-01,1.519077e-01,1.643158e+00,5.068286e-02,7.968355e-03,1.125935e-02
9.531911e-10,2.153914e+04,1.455832e-01,1.746247e-01,1.681863e+00,4.773032e-02,7.437163e-03,1.136068e-02
1.006146e-09,2.159359e+04,1.333810e-01,1.880911e-01,1.684200e+00,5.607020e-02,1.092108e-02,7.929866e-03
1.059101e-09,2.156588e+04,1.522464e-01,1.688310e-01,1.665467e+00,6.148982e-02,1.770372e-02,8.431249e-03
1.112056e-09,2.156986e+04,1.719664e-01,1.383877e-01,1.625779e+00,5.316908e-02,1.951351e-02,1.270306e-02
1.165011e-09,2.156345e+04,1.721392e-01,1.369617e-01,1.679074e+00,4.486525e-02,1.856899e-02,1.275767e-02
1.217966e-09,2.157128e+04,1.687122e-01,1.658487e-01,1.746393e+00,5.246872e-02,1.939372e-02,1.076657e-02
1.270921e-09,2.157054e+04,1.648635e-01,1.995608e-01,1.748249e+00,7.110500e-02,1.817486e-02,1.066392e-02
1.323876e-09,2.153635e+04,1.667635e-01,2.006646e-01,1.699213e+00,8.077760e-02,1.363822e-02,7.740202e-03
1.376832e-09,2.154296e+04,1.750264e-01,1.710105e-01,1.678256e+00,7.893363e-02,1.338650e-02,6.107319e-03
1.429787e-09,2.148921e+04,1.788152e-01,1.571121e-01,1.699849e+00,7.462257e-02,1.899289e-02,9.985515e-03
1.482742e-09,2.155483e+04,1.806811e-01,1.727826e-01,1.711133e+00,8.450086e-02,1.805274e-02,1.428740e-02
1.535697e-09,2.154471e+04,1.601435e-01,1.890074e-01,1.693566e+00,9.446894e-02,1.083788e-02,1.311314e-02
1.588652e-09,2.150733e+04,1.253440e-01,1.870766e-01,1.725223e+00,9.495013e-02,1.134464e-02,8.048207e-03
1.641607e-09,2.153364e+04,1.198212e-01,1.835991e-01,1.807699e+00,8.090205e-02,1.667320e-02,5.952232e-03
1.694562e-09,2.151922e+04,1.525660e-01,2.011094e-01,1.820805e+00,6.380431e-02,1.601808e-02,7.749608e-03
1.747517e-09,2.144614e+04,1.908052e-01,2.091210e-01,1.788022e+00,5.804095e-02,2.003857e-02,8.987059e-03
1.800472e-09,2.146941e+04,2.117034e-01,1.920527e-01,1.838331e+00,6.160339e-02,3.313313e-02,5.687491e-03
1.853427e-09,2.147596e+04,2.158604e-01,1.855298e-01,1.886366e+00,6.425958e-02,3.839563e-02,2.300564e-03
1.906382e-09,2.141655e+04,2.006383e-01,2.011816e-01,1.879761e+00,6.274218e-02,2.731838e-02,1.927124e-03
1.959337e-09,2.142762e+04,1.762889e-01,2.220904e-01,1.891325e+00,5.702618e-02,1.616790e-02,2.845569e-03
2.012292e-09,2.146546e+04,1.583326e-01,2.301391e-01,1.892016e+00,4.852685e-02,1.250495e-02,4.546491e-03
2.065247e-09,2.149150e+04,1.566673e-01,2.245970e-01,1.818441e+00,4.278006e-02,9.949110e-03,6.372743e-03
2.118202e-09,2.150001e+04,1.621087e-01,2.046756e-01,1.776646e+00,4.139181e-02,1.031040e-02,5.603256e-03
2.171157e-09,2.142279e+04,1.615113e-01,1.792709e-01,1.790814e+00,4.690310e-02,1.071588e-02,4.091275e-03
2.224112e-09,2.142727e+04,1.697544e-01,1.637601e-01,1.833932e+00,4.854077e-02,8.968011e-03,3.066247e-03
2.277068e-09,2.143758e+04,1.732137e-01,1.650217e-01,1.878561e+00,4.353609e-02,9.903237e-03,5.592668e-03
2.330023e-09,2.145046e+04,1.524408e-01,1.813194e-01,1.883224e+00,4.796878e-02,1.217370e-02,1.316199e-02
2.382978e-09,2.140796e+04,1.515387e-01,1.775466e-01,1.818044e+00,5.322211e-02,1.560158e-02,2.137532e-02
2.435933e-09,2.140563e+04,1.729394e-01,1.776068e-01,1.731994e+00,4.433749e-02,2.048866e-02,2.452920e-02
2.488888e-09,2.149549e+04,1.821247e-01,2.181364e-01,1.683767e+00,4.046490e-02,2.043873e-02,1.991979e-02
2.541843e-09,2.141082e+04,1.769193e-01,2.513974e-01,1.639117e+00,4.517614e-02,1.953623e-02,1.478421e-02
2.594798e-09,2.145172e+04,1.683402e-01,2.445410e-01,1.646451e+00,4.955920e-02,1.717988e-02,1.278461e-02
2.647753e-09,2.138503e+04,1.576490e-01,2.244444e-01,1.633159e+00,5.524385e-02,1.208416e-02,7.863315e-03
2.700708e-09,2.139499e+04,1.527131e-01,2.251388e-01,1.585534e+00,6.113098e-02,1.225758e-02,5.205616e-03
2.753663e-09,2.135888e+04,1.443877e-01,2.513453e-01,1.620641e+00,5.976602e-02,1.858118e-02,7.349293e-03
2.806618e-09,2.135014e+04,1.559590e-01,2.599398e-01,1.722048e+00,5.562340e-02,2.704587e-02,1.137015e-02
2.859573e-09,2.130000e+04,1.818923e-01,2.439304e-01,1.780778e+00,5.710500e-02,2.808695e-02,1.427456e-02
2.912528e-09,2.134380e+04,1.730753e-01,2.268951e-01,1.808839e+00,5.452538e-02,1.940013e-02,1.026450e-02
2.965483e-09,2.132109e+04,1.326758e-01,2.032509e-01,1.791879e+00,4.747726e-02,1.054619e-02,6.269173e-03
3.018438e-09,2.129348e+04,1.112236e-01,1.859678e-01,1.735413e+00,4.611501e-02,1.102155e-02,6.082542e-03
3.071393e-09,2.123822e+04,1.127876e-01,1.956489e-01,1.744372e+00,4.835357e-02,1.887302e-02,6.756146e-03
3.124348e-09,2.126363e+04,1.157184e-01,2.077959e-01,1.782643e+00,5.750380e-02,1.994210e-02,6.768739e-03
3.177304e-09,2.130117e+04,1.292828e-01,1.900349e-01,1.751186e+00,6.860881e-02,1.071721e-02,4.300939e-03
3.230259e-09,2.126532e+04,1.620669e-01,1.855532e-01,1.751727e+00,6.991658e-02,4.799015e-03,3.207832e-03
3.283214e-09,2.126147e+04,2.030580e-01,1.894981e-01,1.777961e+00,5.777544e-02,4.330425e-03,5.168592e-03
3.336169e-09,2.126245e+04,2.131200e-01,1.839576e-01,1.764248e+00,4.869330e-02,3.675139e-03,8.518266e-03
3.389124e-09,2.121403e+04,1.757874e-01,1.985215e-01,1.759596e+00,5.274144e-02,4.536765e-03,1.012515e-02
3.442079e-09,2.122169e+04,1.498156e-01,1.940107e-01,1.781996e+00,6.756050e-02,1.089258e-02,6.084155e-03
3.495034e-09,2.124852e+04,1.394133e-01,1.635150e-01,1.757887e+00,6.886484e-02,1.887876e-02,3.642874e-03
3.547989e-09,2.121189e+04,1.392281e-01,1.528780e-01,1.761146e+00,6.703796e-02,1.847945e-02,8.853732e-03
3.600944e-09,2.122785e+04,1.582991e-01,1.515459e-01,1.810192e+00,7.686156e-02,1.099741e-02,1.513757e-02
3.653899e-09,2.122815e+04,1.907623e-01,1.363916e-01,1.828638e+00,7.402312e-02,5.482127e-03,1.386025e-02
3.706854e-09,2.118187e+04,1.929152e-01,1.263248e-01,1.790854e+00,6.560847e-02,7.138185e-03,1.082700e-02
3.759809e-09,2.121728e+04,1.636468e-01,1.424162e-01,1.708189e+00,6.849226e-02,1.315469e-02,8.261473e-03
3.812764e-09,2.122948e+04,1.412277e-01,1.775147e-01,1.656269e+00,7.398351e-02,1.511303e-02,6.534111e-03
3.865719e-09,2.117499e+04,1.325689e-01,2.002736e-01,1.725680e+00,8.527169e-02,1.250289e-02,5.116444e-03
3.918674e-09,2.114849e+04,1.394853e-01,2.192400e-01,1.774327e+00,9.165139e-02,1.579290e-02,4.260323e-03
3.971629e-09,2.114533e+04,1.536845e-01,2.324609e-01,1.719685e+00,8.521404e-02,2.559316e-02,3.632068e-03
4.024584e-09,2.122018e+04,1.542219e-01,2.193365e-01,1.651242e+00,7.757901e-02,2.704893e-02,7.378228e-03
4.077540e-09,2.123085e+04,1.540054e-01,1.862143e-01,1.650831e+00,7.189123e-02,1.749566e-02,2.084325e-02
4.130495e-09,2.114105e+04,1.672869e-01,1.605548e-01,1.708229e+00,7.695626e-02,1.134486e-02,3.402728e-02
4.183450e-09,2.115854e+04,1.744086e-01,1.784797e-01,1.708897e+00,8.392992e-02,1.245288e-02,2.912660e-02
4.236405e-09,2.116062e+04,1.649428e-01,2.219391e-01,1.649484e+00,8.340571e-02,1.500125e-02,1.551035e-02
4.289360e-09,2.114992e+04,1.453922e-01,2.305431e-01,1.599973e+00,8.361170e-02,2.027217e-02,1.090713e-02
4.342315e-09,2.124235e+04,1.346122e-01,2.144030e-01,1.599706e+00,9.631745e-02,2.085111e-02,1.195263e-02
4.395270e-09,2.122423e+04,1.342895e-01,2.014499e-01,1.603351e+00,1.050461e-01,1.380893e-02,9.323209e-03
4.448225e-09,2.123606e+04,1.318813e-01,1.897464e-01,1.578154e+00,9.350970e-02,9.769543e-03,7.617220e-03
4.501180e-09,2.120016e+04,1.337637e-01,1.974753e-01,1.580386e+00,7.531798e-02,1.037075e-02,1.070097e-02
4.554135e-09,2.129285e+04,1.403172e-01,2.124697e-01,1.583046e+00,7.282454e-02,9.455786e-03,1.169287e-02
4.607090e-09,2.128392e+04,1.500772e-01,2.253797e-01,1.611751e+00,8.600628e-02,1.020246e-02,6.599815e-03
4.660045e-09,2.123454e+04,1.780012e-01,2.393706e-01,1.642097e+00,9.638516e-02,1.522203e-02,2.748807e-03
4.713000e-09,2.132195e+04,2.006279e-01,2.382573e-01,1.651693e+00,9.791270e-02,1.762163e-02,2.426616e-03
4.765955e-09,2.127419e+04,1.940090e-01,2.025581e-01,1.678453e+00,9.051838e-02,1.730868e-02,2.086371e-03
4.818910e-09,2.135231e+04,1.680944e-01,1.763809e-01,1.693035e+00,6.975290e-02,1.668731e-02,1.509248e-03
4.871865e-09,2.127536e+04,1.472552e-01,1.913220e-01,1.702052e+00,6.341526e-02,1.230731e-02,1.730623e-03
4.924820e-09,2.124480e+04,1.548268e-01,2.169350e-01,1.680520e+00,7.018653e-02,8.705815e-03,2.781944e-03
4.977776e-09,2.125387e+04,1.655092e-01,2.057710e-01,1.674391e+00,7.137222e-02,7.883464e-03,3.657566e-03
5.030731e-09,2.124781e+04,1.654420e-01,1.806445e-01,1.658015e+00,8.576079e-02,1.121718e-02,2.908975e-03
5.083686e-09,2.130339e+04,1.585637e-01,1.841344e-01,1.550569e+00,1.105861e-01,1.656010e-02,4.009788e-03
5.136641e-09,2.127577e+04,1.699124e-01,2.015076e-01,1.490020e+00,1.267370e-01,1.801322e-02,1.172420e-02
5.189596e-09,2.125688e+04,1.852122e-01,2.172371e-01,1.567505e+00,1.537982e-01,1.630664e-02,2.137212e-02
5.242551e-09,2.122588e+04,1.779395e-01,2.226625e-01,1.595620e+00,1.733808e-01,1.822569e-02,2.309456e-02
5.295506e-09,2.126795e+04,1.662713e-01,2.165034e-01,1.530393e+00,1.550530e-01,2.197613e-02,2.055622e-02
5.348461e-09,2.130298e+04,1.520865e-01,1.924773e-01,1.558507e+00,1.367334e-01,2.408948e-02,1.548759e-02
5.401416e-09,2.132955e+04,1.580172e-01,1.677406e-01,1.634814e+00,1.233316e-01,2.448282e-02,1.112876e-02
5.454371e-09,2.142900e+04,1.844466e-01,1.723790e-01,1.664386e+00,1.146840e-01,1.722934e-02,1.452531e-02
5.507326e-09,2.138784e+04,2.088813e-01,1.894958e-01,1.654804e+00,1.208399e-01,9.787486e-03,2.114505e-02
5.560281e-09,2.141794e+04,2.188080e-01,2.205622e-01,1.687030e+00,1.276632e-01,7.706737e-03,2.092435e-02
5.613236e-09,2.146324e+04,1.992327e-01,2.457843e-01,1.760198e+00,1.327720e-01,1.423965e-02,1.477171e-02
5.666191e-09,2.143062e+04,1.665488e-01,2.589282e-01,1.800815e+00,1.276314e-01,2.383920e-02,1.024952e-02
5.719146e-09,2.150133e+04,1.644394e-01,2.554668e-01,1.770652e+00,1.232841e-01,2.498885e-02,6.107272e-03
5.772101e-09,2.149353e+04,1.905000e-01,2.234450e-01,1.697735e+00,1.308568e-01,2.425602e-02,6.574039e-03
5.825056e-09,2.151584e+04,2.018148e-01,2.071596e-01,1.657353e+00,1.250799e-01,2.249002e-02,1.557582e-02
5.878012e-09,2.147747e+04,1.797815e-01,2.139343e-01,1.631652e+00,1.294061e-01,1.445820e-02,2.092238e-02
5.930967e-09,2.149676e+04,1.512474e-01,2.186618e-01,1.658150e+00,1.499553e-01,8.435890e-03,1.247085e-02
5.983922e-09,2.155650e+04,1.409292e-01,2.131517e-01,1.687166e+00,1.582728e-01,1.149762e-02,4.132427e-03
6.036877e-09,2.152509e+04,1.341451e-01,2.171465e-01,1.684333e+00,1.599540e-01,1.672685e-02,2.033849e-03
6.089832e-09,2.155982e+04,1.291379e-01,2.393097e-01,1.707355e+00,1.347371e-01,1.567758e-02,3.069944e-03
6.142787e-09,2.159178e+04,1.350535e-01,2.582351e-01,1.714367e+00,1.047959e-01,1.616197e-02,6.154291e-03
6.195742e-09,2.165481e+04,1.398569e-01,2.591549e-01,1.698703e+00,1.097133e-01,1.799436e-02,7.863011e-03
6.248697e-09,2.167840e+04,1.410003e-01,2.575217e-01,1.657604e+00,1.420200e-01,1.752850e-02,7.652335e-03
6.301652e-09,2.169343e+04,1.542840e-01,2.538287e-01,1.604267e+00,1.648606e-01,1.932230e-02,9.886082e-03
6.354607e-09,2.167037e+04,1.817139e-01,2.531957e-01,1.564675e+00,1.621673e-01,2.610026e-02,1.130286e-02
6.407562e-09,2.169738e+04,2.010062e-01,2.613299e-01,1.557307e+00,1.426539e-01,2.735535e-02,7.021430e-03
6.460517e-09,2.178305e+04,1.985439e-01,2.702881e-01,1.613741e+00,1.363878e-01,2.396074e-02,3.633283e-03
6.513472e-09,2.179696e+04,1.705773e-01,2.634309e-01,1.658275e+00,1.553089e-01,1.987775e-02,3.118104e-03
6.566427e-09,2.184067e+04,1.347528e-01,2.498036e-01,1.613039e+00,1.860259e-01,1.553161e-02,2.268101e-03
6.619382e-09,2.184179e+04,1.259525e-01,2.466068e-01,1.563391e+00,1.935991e-01,1.629436e-02,1.680776e-03
6.672337e-09,2.187129e+04,1.390443e-01,2.406736e-01,1.601144e+00,1.758991e-01,1.848952e-02,2.600655e-03
6.725292e-09,2.187327e+04,1.425626e-01,2.490213e-01,1.634100e+00,1.615866e-01,1.194962e-02,4.235819e-03
6.778248e-09,2.187680e+04,1.516438e-01,2.867325e-01,1.577223e+00,1.400804e-01,4.899015e-03,6.477216e-03
6.831203e-09,2.190679e+04,1.719435e-01,3.167106e-01,1.524257e+00,1.316113e-01,4.492843e-03,9.423834e-03
6.884158e-09,2.190562e+04,1.725638e-01,3.010469e-01,1.540061e+00,1.555480e-01,1.328543e-02,8.218818e-03
6.937113e-09,2.192306e+04,1.564535e-01,2.739544e-01,1.560297e+00,1.865919e-01,2.213471e-02,3.875558e-03
6.990068e-09,2.199207e+04,1.519199e-01,2.710984e-01,1.554208e+00,2.143924e-01,1.709490e-02,1.342003e-03
7.043023e-09,2.193404e+04,1.649444e-01,2.759064e-01,1.537118e+00,2.251759e-01,1.313228e-02,1.811080e-03
7.095978e-09,2.198897e+04,1.817430e-01,2.783785e-01,1.495725e+00,2.093613e-01,1.689183e-02,3.983819e-03
7.148933e-09,2.199704e+04,1.902253e-01,2.728553e-01,1.479249e+00,2.027240e-01,1.753719e-02,7.209894e-03
7.201888e-09,2.203311e+04,1.814845e-01,2.661914e-01,1.504125e+00,2.168833e-01,1.760373e-02,1.090744e-02
7.254843e-09,2.204431e+04,1.768011e-01,2.717554e-01,1.498329e+00,2.055978e-01,2.137509e-02,1.136153e-02
7.307798e-09,2.210644e+04,2.009855e-01,2.863315e-01,1.478143e+00,1.763344e-01,2.073811e-02,8.958280e-03
7.360753e-09,2.218679e+04,2.025078e-01,2.754683e-01,1.511688e+00,1.611475e-01,1.565363e-02,6.585994e-03
7.413708e-09,2.219712e+04,1.784223e-01,2.464881e-01,1.519001e+00,1.612132e-01,9.554713e-03,4.730567e-03
7.466663e-09,2.226779e+04,1.732336e-01,2.476363e-01,1.453684e+00,1.812630e-01,9.683380e-03,3.149730e-03
7.519618e-09,2.221505e+04,1.752178e-01,2.775278e-01,1.373404e+00,2.077386e-01,1.519886e-02,3.235048e-03
7.572573e-09,2.225570e+04,1.583229e-01,3.002301e-01,1.378271e+00,2.166443e-01,1.781373e-02,3.930636e-03
7.625528e-09,2.222942e+04,1.354231e-01,2.947371e-01,1.472845e+00,2.064966e-01,1.835151e-02,3.584498e-03
7.678484e-09,2.221361e+04,1.374127e-01,2.926254e-01,1.558046e+00,2.014473e-01,1.877632e-02,5.508219e-03
7.731439e-09,2.224940e+04,1.756578e-01,2.978102e-01,1.495580e+00,2.092728e-01,1.562992e-02,8.534241e-03
7.784394e-09,2.236322e+04,2.146876e-01,2.854400e-01,1.382187e+00,2.189057e-01,9.397894e-03,9.134037e-03
7.837349e-09,2.240718e+04,2.162677e-01,2.774154e-01,1.347765e+00,2.159785e-01,7.908808e-03,9.087868e-03
7.890304e-09,2.236691e+04,2.102019e-01,2.836707e-01,1.355935e+00,1.948250e-01,1.126930e-02,5.989892e-03
7.943259e-09,2.227606e+04,2.122946e-01,2.786725e-01,1.376834e+00,1.911201e-01,1.286127e-02,3.119958e-03
7.996214e-09,2.233499e+04,2.079533e-01,2.755592e-01,1.385699e+00,2.192163e-01,1.686164e-02,5.087692e-03
8.049169e-09,2.237250e+04,2.010414e-01,2.583245e-01,1.473376e+00,2.557710e-01,2.728764e-02,1.016139e-02
8.102124e-09,2.232778e+04,1.930928e-01,2.582639e-01,1.597747e+00,2.585279e-01,3.694949e-02,1.687809e-02
8.155079e-09,2.233104e+04,1.822986e-01,2.913105e-01,1.604836e+00,2.117714e-01,3.724612e-02,2.148728e-02
8.208034e-09,2.230661e+04,1.711611e-01,3.217181e-01,1.577576e+00,1.681674e-01,2.467232e-02,1.515695e-02
8.260989e-09,2.238001e+04,1.672411e-01,3.286269e-01,1.547393e+00,1.685511e-01,1.729235e-02,9.073380e-03
8.313944e-09,2.242503e+04,1.732932e-01,2.904237e-01,1.465147e+00,1.835933e-01,1.811124e-02,1.130244e-02
8.366899e-09,2.242665e+04,1.746994e-01,2.638140e-01,1.407158e+00,1.832993e-01,1.441388e-02,1.504113e-02
8.419854e-09,2.239679e+04,1.693056e-01,2.653790e-01,1.432393e+00,1.905890e-01,1.264751e-02,1.120269e-02
8.472809e-09,2.237735e+04,1.688026e-01,2.538845e-01,1.459857e+00,2.029422e-01,1.518341e-02,5.983518e-03
8.525764e-09,2.237301e+04,1.736972e-01,2.497750e-01,1.410425e+00,2.014189e-01,1.963527e-02,3.105259e-03
8.578720e-09,2.237438e+04,1.902867e-01,2.601998e-01,1.328126e+00,1.990149e-01,2.451710e-02,2.088994e-03
8.631675e-09,2.242006e+04,1.879295e-01,2.983330e-01,1.355355e+00,1.949612e-01,2.766967e-02,3.068551e-03
8.684630e-09,2.230562e+04,1.620771e-01,3.490374e-01,1.416735e+00,1.895475e-01,3.129355e-02,7.771387e-03
8.737585e-09,2.238909e+04,1.479644e-01,3.686601e-01,1.398679e+00,2.082490e-01,2.870592e-02,1.621092e-02
8.790540e-09,2.231033e+04,1.662138e-01,3.586576e-01,1.320826e+00,2.335561e-01,1.909016e-02,2.111774e-02
8.843495e-09,2.232430e+04,1.931481e-01,3.329455e-01,1.269014e+00,2.326678e-01,1.284481e-02,1.886201e-02
8.896450e-09,2.232516e+04,1.872851e-01,3.124476e-01,1.266504e+00,2.191479e-01,7.906747e-03,1.173464e-02
8.949405e-09,2.230749e+04,1.683994e-01,2.993017e-01,1.256661e+00,2.003637e-01,5.567540e-03,5.562253e-03
9.002360e-09,2.230076e+04,1.599901e-01,2.825552e-01,1.247452e+00,1.760784e-01,9.328410e-03,6.071976e-03
9.055315e-09,2.230460e+04,1.574510e-01,2.824534e-01,1.308964e+00,1.416049e-01,1.658821e-02,1.269812e-02
9.108270e-09,2.230941e+04,1.590394e-01,2.924868e-01,1.468966e+00,1.126200e-01,2.224987e-02,1.578613e-02
9.161225e-09,2.231418e+04,1.665013e-01,3.011480e-01,1.632109e+00,1.365809e-01,2.670551e-02,1.046074e-02
9.214180e-09,2.235461e+04,1.843281e-01,3.112992e-01,1.650282e+00,1.887919e-01,2.969825e-02,8.367198e-03
9.267135e-09,2.231070e+04,2.051934e-01,2.992601e-01,1.568394e+00,2.066942e-01,3.330307e-02,9.982164e-03
9.320090e-09,2.230983e+04,2.188097e-01,2.901466e-01,1.506203e+00,1.974640e-01,2.795020e-02,6.415718e-03
9.373045e-09,2.235146e+04,2.311020e-01,3.072646e-01,1.520595e+00,2.044569e-01,1.493402e-02,2.724897e-03
9.426000e-09,2.234687e+04,2.432373e-01,3.285444e-01,1.543735e+00,2.131486e-01,5.690857e-03,2.160400e-03
9.478956e-09,2.234400e+04,2.245893e-01,3.230295e-01,1.521928e+00,1.947966e-01,4.622116e-03,2.096034e-03
9.531911e-09,2.229040e+04,1.682096e-01,3.013259e-01,1.507707e+00,1.822994e-01,8.397193e-03,3.090675e-03
9.584866e-09,2.235321e+04,1.182418e-01,2.994825e-01,1.471418e+00,1.823239e-01,1.321959e-02,4.261720e-03
9.637821e-09,2.233155e+04,1.035520e-01,3.504730e-01,1.380801e+00,1.779766e-01,1.944276e-02,2.916844e-03
9.690776e-09,2.225193e+04,1.270765e-01,3.891552e-01,1.324041e+00,1.834592e-01,2.644954e-02,1.434049e-03
9.743731e-09,2.224588e+04,1.646677e-01,3.697702e-01,1.413572e+00,2.061367e-01,3.076389e-02,1.240225e-03
9.796686e-09,2.226882e+04,1.732472e-01,3.502127e-01,1.544994e+00,2.006410e-01,2.707181e-02,1.508720e-03
9.849641e-09,2.224178e+04,1.709396e-01,3.415017e-01,1.553639e+00,1.791700e-01,2.098500e-02,2.762734e-03
9.902596e-09,2.223117e+04,1.788015e-01,3.581881e-01,1.507086e+00,1.782756e-01,2.025170e-02,5.412400e-03
9.955551e-09,2.218187e+04,1.778290e-01,3.609357e-01,1.481823e+00,1.933825e-01,1.932284e-02,7.182105e-03
1.000851e-08,2.218137e+04,1.781799e-01,3.413750e-01,1.498248e+00,1.923246e-01,1.219115e-02,8.465220e-03
1.006146e-08,2.213090e+04,1.827212e-01,3.528608e-01,1.570863e+00,1.686197e-01,6.742111e-03,1.190921e-02
1.011442e-08,2.214663e+04,1.874283e-01,3.695718e-01,1.578207e+00,1.536310e-01,4.301465e-03,1.481972e-02
1.016737e-08,2.204629e+04,1.814816e-01,3.699839e-01,1.506973e+00,1.558296e-01,4.515298e-03,1.705591e-02
1.022033e-08,2.197952e+04,1.600462e-01,3.571608e-01,1.460461e+00,1.682756e-01,8.585498e-03,1.630185e-02
1.027328e-08,2.202198e+04,1.492884e-01,3.390365e-01,1.458362e+00,1.778353e-01,1.407639e-02,1.133933e-02
1.032624e-08,2.203169e+04,1.645178e-01,3.391553e-01,1.476178e+00,1.778210e-01,1.553849e-02,1.099167e-02
1.037919e-08,2.208283e+04,1.847186e-01,3.247365e-01,1.491616e+00,1.858128e-01,1.448857e-02,1.194565e-02
1.043215e-08,2.196773e+04,1.952103e-01,2.887857e-01,1.522009e+00,2.172227e-01,1.288756e-02,6.992630e-03
1.048510e-08,2.192898e+04,1.814841e-01,2.747574e-01,1.521932e+00,2.403503e-01,9.420387e-03,3.220105e-03
1.053806e-08,2.196210e+04,1.762245e-01,3.174672e-01,1.474702e+00,2.083025e-01,1.009678e-02,3.805772e-03
1.059101e-08,2.196764e+04,2.057608e-01,3.827804e-01,1.478714e+00,1.773982e-01,1.690599e-02,5.696227e-03
1.064397e-08,2.192219e+04,2.166466e-01,4.044903e-01,1.507073e+00,2.059008e-01,2.376613e-02,6.891492e-03
1.069692e-08,2.196119e+04,1.989084e-01,3.797154e-01,1.518130e+00,2.482703e-01,2.393884e-02,5.399926e-03
1.074988e-08,2.188276e+04,1.845823e-01,3.608114e-01,1.502249e+00,2.521451e-01,2.298995e-02,4.384868e-03
1.080283e-08,2.182494e+04,1.874131e-01,3.784228e-01,1.470736e+00,2.469594e-01,2.668805e-02,5.647245e-03
1.085579e-08,2.176995e+04,2.123604e-01,3.944373e-01,1.408289e+00,2.361593e-01,2.732398e-02,7.176094e-03
1.090874e-08,2.175921e+04,2.292929e-01,3.802569e-01,1.333331e+00,2.163781e-01,1.723341e-02,1.055094e-02
1.096170e-08,2.176975e+04,1.948730e-01,3.601900e-01,1.340747e+00,2.171110e-01,1.233754e-02,1.218948e-02
1.101465e-08,2.183596e+04,1.421907e-01,3.575190e-01,1.432289e+00,2.231955e-01,2.179804e-02,9.546360e-03
1.106761e-08,2.177935e+04,1.148727e-01,3.430191e-01,1.496121e+00,2.209314e-01,4.125496e-02,1.287842e-02
1.112056e-08,2.175672e+04,1.206589e-01,3.545868e-01,1.428331e+00,2.155606e-01,5.557838e-02,1.821358e-02
1.117352e-08,2.171769e+04,1.470090e-01,3.961805e-01,1.326819e+00,1.988129e-01,4.818739e-02,1.187967e-02
1.122647e-08,2.172249e+04,1.651324e-01,4.093271e-01,1.298841e+00,1.841273e-01,3.237719e-02,4.346611e-03
1.127943e-08,2.176920e+04,1.733224e-01,3.706720e-01,1.303285e+00,1.820316e-01,1.668997e-02,2.496805e-03
1.133238e-08,2.170662e+04,1.767464e-01,3.209361e-01,1.310941e+00,1.758412e-01,6.237505e-03,3.488048e-03
1.138534e-08,2.170836e+04,1.697007e-01,3.012344e-01,1.366682e+00,1.720780e-01,2.769307e-03,4.941802e-03
1.143829e-08,2.168808e+04,1.477681e-01,2.911962e-01,1.400468e+00,1.858535e-01,4.293147e-03,4.103171e-03
1.149125e-08,2.162979e+04,1.299742e-01,2.966219e-01,1.390821e+00,2.172749e-01,1.183808e-02,3.478543e-03
1.154420e-08,2.167988e+04,1.343869e-01,3.396322e-01,1.350553e+00,2.448559e-01,2.137673e-02,4.172833e-03
1.159716e-08,2.166050e+04,1.388966e-01,3.783090e-01,1.326713e+00,2.419778e-01,2.478894e-02,4.653499e-03
1.165011e-08,2.158970e+04,1.400842e-01,3.881062e-01,1.388537e+00,2.154659e-01,2.319274e-02,9.912538e-03
1.170307e-08,2.159256e+04,1.561279e-01,3.931403e-01,1.452946e+00,1.870222e-01,2.048265e-02,2.114797e-02
1.175602e-08,2.165124e+04,1.624784e-01,4.065141e-01,1.426238e+00,1.727955e-01,2.030593e-02,2.547152e-02
1.180898e-08,2.163342e+04,1.329131e-01,4.210738e-01,1.409743e+00,1.846975e-01,2.031677e-02,1.882211e-02
1.186193e-08,2.158224e+04,1.162431e-01,4.128211e-01,1.419191e+00,2.168244e-01,1.534613e-02,1.380126e-02
1.191489e-08,2.161233e+04,1.386135e-01,4.068261e-01,1.356247e+00,2.410896e-01,1.717071e-02,9.598866e-03
1.196784e-08,2.165778e+04,1.496257e-01,3.871040e-01,1.299975e+00,2.257654e-01,2.827703e-02,5.481525e-03
1.202080e-08,2.157356e+04,1.605821e-01,3.597559e-01,1.320452e+00,2.127302e-01,3.468252e-02,6.023395e-03
1.207375e-08,2.153888e+04,1.787591e-01,3.531270e-01,1.392453e+00,2.256259e-01,2.862124e-02,8.713157e-03
1.212671e-08,2.153482e+04,1.932852e-01,3.528849e-01,1.461823e+00,2.228568e-01,1.468891e-02,7.777025e-03
1.217966e-08,2.156674e+04,1.957228e-01,3.332801e-01,1.456254e+00,2.029453e-01,7.800212e-03,4.158253e-03
1.223262e-08,2.150834e+04,1.898640e-01,3.116724e-01,1.451689e+00,2.151584e-01,7.227334e-03,1.846692e-03
1.228557e-08,2.146085e+04,1.907681e-01,2.965839e-01,1.489721e+00,2.293756e-01,5.936217e-03,1.469882e-03
1.233853e-08,2.144819e+04,1.786152e-01,2.878384e-01,1.531565e+00,2.065136e-01,9.094264e-03,2.027976e-03
1.239148e-08,2.149812e+04,1.542041e-01,2.810623e-01,1.566576e+00,1.805035e-01,1.461800e-02,4.016821e-03
1.244444e-08,2.147174e+04,1.315449e-01,2.765015e-01,1.579640e+00,1.881600e-01,1.287060e-02,9.143532e-03
1.249739e-08,2.140700e+04,1.336488e-01,2.916494e-01,1.521281e+00,2.051958e-01,1.157283e-02,2.076632e-02
1.255035e-08,2.134673e+04,1.662227e-01,3.132776e-01,1.418699e+00,1.878429e-01,1.786269e-02,2.899213e-02
1.260330e-08,2.141689e+04,1.961927e-01,3.192140e-01,1.363100e+00,1.727937e-01,2.386983e-02,1.858961e-02
1.265626e-08,2.139988e+04,1.991316e-01,3.055367e-01,1.382034e+00,1.900589e-01,2.366704e-02,5.839122e-03
1.270921e-08,2.138734e+04,1.788160e-01,2.791671e-01,1.387555e+00,2.227065e-01,2.008555e-02,2.348278e-03
1.276217e-08,2.137079e+04,1.695467e-01,2.663710e-01,1.398384e+00,2.461350e-01,2.040916e-02,5.800924e-03
1.281512e-08,2.133097e+04,1.842671e-01,2.995275e-01,1.376604e+00,2.298302e-01,2.811105e-02,1.352495e-02
1.286808e-08,2.130514e+04,1.914567e-01,3.581896e-01,1.347938e+00,2.069578e-01,3.453156e-02,1.654185e-02
1.292103e-08,2.127364e+04,1.802009e-01,3.731084e-01,1.379195e+00,2.080806e-01,3.131986e-02,9.741476e-03
1.297399e-08,2.126349e+04,1.785527e-01,3.414702e-01,1.427834e+00,2.146124e-01,2.962371e-02,3.066873e-03
1.302694e-08,2.119709e+04,2.015682e-01,3.279156e-01,1.442375e+00,2.153927e-01,2.563929e-02,1.391573e-03
1.307990e-08,2.124778e+04,2.150857e-01,3.424670e-01,1.368352e+00,1.990656e-01,1.982982e-02,2.669610e-03
1.313285e-08,2.125462e+04,1.954065e-01,3.596001e-01,1.270434e+00,1.887428e-01,1.899933e-02,5.722641e-03
1.318581e-08,2.120836e+04,1.602717e-01,3.812927e-01,1.193872e+00,1.874495e-01,3.701320e-02,7.760949e-03
1.323876e-08,2.120599e+04,1.406495e-01,3.777317e-01,1.177184e+00,1.757406e-01,5.472893e-02,7.111462e-03
1.329172e-08,2.125078e+04,1.539936e-01,3.479857e-01,1.225738e+00,1.730905e-01,3.902954e-02,8.491840e-03
1.334467e-08,2.118356e+04,1.775140e-01,3.254406e-01,1.261862e+00,1.915861e-01,1.958113e-02,1.171435e-02
1.339763e-08,2.119199e+04,1.778495e-01,3.187826e-01,1.251986e+00,2.003652e-01,1.374019e-02,1.112377e-02
1.345058e-08,2.116906e+04,1.719542e-01,3.210813e-01,1.240360e+00,2.050889e-01,1.060431e-02,9.463550e-03
1.350354e-08,2.121291e+04,1.857842e-01,3.218999e-01,1.284275e+00,2.240840e-01,9.917724e-03,7.500486e-03
1.355650e-08,2.118639e+04,1.980319e-01,3.472823e-01,1.345445e+00,2.142572e-01,1.477280e-02,9.912289e-03
1.360945e-08,2.118055e+04,2.028599e-01,3.776975e-01,1.380828e+00,1.801853e-01,2.427650e-02,1.470018e-02
1.366241e-08,2.117169e+04,1.893722e-01,3.698401e-01,1.428918e+00,1.609956e-01,3.270939e-02,1.231927e-02
1.371536e-08,2.125239e+04,1.547795e-01,3.742213e-01,1.418900e+00,1.576529e-01,3.337475e-02,9.740463e-03
1.376832e-08,2.117478e+04,1.226007e-01,4.024624e-01,1.356342e+00,1.619602e-01,2.296180e-02,1.050883e-02
1.382127e-08,2.119254e+04,1.199326e-01,3.918333e-01,1.366502e+00,1.745362e-01,1.236042e-02,8.115313e-03
1.387423e-08,2.119133e+04,1.656706e-01,3.572942e-01,1.405877e+00,1.857240e-01,9.241960e-03,6.061337e-03
1.392718e-08,2.119338e+04,2.076279e-01,3.285726e-01,1.414007e+00,1.849744e-01,7.144777e-03,5.025618e-03
1.398014e-08,2.123955e+04,1.907432e-01,3.125167e-01,1.394333e+00,1.843550e-01,3.439916e-03,4.356300e-03
1.403309e-08,2.117916e+04,1.563536e-01,3.195165e-01,1.316677e+00,2.019894e-01,1.539925e-03,4.858291e-03
1.408605e-08,2.119605e+04,1.595412e-01,3.257363e-01,1.253849e+00,2.303196e-01,2.949981e-03,4.530265e-03
1.413900e-08,2.121022e+04,1.854039e-01,3.081731e-01,1.295650e+00,2.086196e-01,8.271291e-03,3.111237e-03
1.419196e-08,2.119059e+04,1.821725e-01,3.034182e-01,1.349005e+00,1.665630e-01,1.426397e-02,2.619290e-03
1.424491e-08,2.118696e+04,1.575152e-01,3.407787e-01,1.374338e+00,1.684025e-01,1.584894e-02,4.401527e-03
1.429787e-08,2.116602e+04,1.378093e-01,3.961757e-01,1.376829e+00,2.024732e-01,1.654861e-02,6.324202e-03
1.435082e-08,2.119345e+04,1.393953e-01,4.059345e-01,1.367422e+00,2.241546e-01,1.700168e-02,4.712569e-03
1.440378e-08,2.122777e+04,1.809733e-01,3.739323e-01,1.361471e+00,2.075677e-01,1.876293e-02,3.329163e-03
1.445673e-08,2.126443e+04,2.213153e-01,3.406636e-01,1.344941e+00,2.020857e-01,2.347413e-02,4.995791e-03
1.450969e-08,2.126416e+04,2.033848e-01,3.347653e-01,1.331395e+00,2.208941e-01,2.152690e-02,8.575479e-03
1.456264e-08,2.130069e+04,1.896561e-01,3.553624e-01,1.358012e+00,2.464096e-01,2.068688e-02,1.108320e-02
1.461560e-08,2.137222e+04,2.036060e-01,3.464980e-01,1.388566e+00,2.687043e-01,2.748496e-02,9.310059e-03
1.466855e-08,2.133390e+04,2.091477e-01,3.224785e-01,1.397328e+00,2.739986e-01,2.955350e-02,6.558368e-03
1.472151e-08,2.137861e+04,1.940639e-01,3.597219e-01,1.366105e+00,2.660188e-01,2.790459e-02,5.604938e-03
1.477446e-08,2.142734e+04,1.685957e-01,4.124177e-01,1.334775e+00,2.546061e-01,2.523061e-02,3.366162e-03
1.482742e-08,2.134636e+04,1.512414e-01,4.099983e-01,1.351647e+00,2.402255e-01,2.074385e-02,1.577876e-03
1.488037e-08,2.138689e+04,1.506729e-01,3.992381e-01,1.405810e+00,2.154238e-01,1.553022e-02,2.003191e-03
1.493333e-08,2.139354e+04,1.600417e-01,3.904542e-01,1.423447e+00,1.946749e-01,1.427654e-02,4.885807e-03
1.498628e-08,2.143500e+04,1.741380e-01,3.630912e-01,1.461539e+00,1.919101e-01,1.779955e-02,1.041229e-02
1.503924e-08,2.131922e+04,1.746426e-01,3.624413e-01,1.509730e+00,1.872465e-01,1.666312e-02,1.445629e-02
1.509219e-08,2.141386e+04,1.666479e-01,3.924670e-01,1.445079e+00,1.809871e-01,1.277212e-02,1.289922e-02
1.514515e-08,2.135206e+04,1.751719e-01,4.055391e-01,1.325682e+00,2.022075e-01,9.425678e-03,8.965330e-03
1.519810e-08,2.136084e+04,2.000305e-01,3.834984e-01,1.256813e+00,2.078532e-01,7.306636e-03,7.244269e-03
1.525106e-08,2.141363e+04,2.017973e-01,3.601186e-01,1.267681e+00,1.959920e-01,7.014456e-03,7.716286e-03
1.530401e-08,2.143309e+04,1.877594e-01,3.605042e-01,1.336837e+00,1.905408e-01,6.802151e-03,1.134451e-02
1.535697e-08,2.144100e+04,1.881666e-01,3.856155e-01,1.422807e+00,1.710281e-01,1.000328e-02,1.298331e-02
1.540992e-08,2.149848e+04,2.015800e-01,3.875235e-01,1.511212e+00,1.606999e-01,1.608777e-02,1.094642e-02
1.546288e-08,2.140256e+04,1.975394e-01,3.489916e-01,1.526451e+00,1.776049e-01,1.956818e-02,1.040706e-02
1.551583e-08,2.142796e+04,2.034940e-01,3.289292e-01,1.504855e+00,1.978608e-01,2.134152e-02,1.208690e-02
1.556879e-08,2.142403e+04,2.242453e-01,3.389096e-01,1.478098e+00,2.115823e-01,1.986443e-02,1.503985e-02
1.562174e-08,2.141310e+04,2.254699e-01,3.567548e-01,1.436751e+00,2.219151e-01,1.169720e-02,1.198811e-02
1.567470e-08,2.143853e+04,2.000916e-01,3.865799e-01,1.437116e+00,2.046377e-01,5.309199e-03,6.561945e-03
1.572765e-08,2.144453e+04,1.658522e-01,4.009008e-01,1.454107e+00,1.728599e-01,8.441300e-03,4.287339e-03
1.578061e-08,2.143436e+04,1.568653e-01,3.844334e-01,1.468208e+00,1.619969e-01,1.818429e-02,2.335361e-03
1.583356e-08,2.143379e+04,1.707504e-01,3.507335e-01,1.483910e+00,1.854650e-01,2.086956e-02,8.829343e-04
1.588652e-08,2.136215e+04,1.775941e-01,3.493397e-01,1.477369e+00,2.178066e-01,1.217879e-02,1.988865e-03
1.593947e-08,2.134074e+04,1.944862e-01,3.804159e-01,1.472622e+00,2.179350e-01,6.693448e-03,7.469251e-03
1.599243e-08,2.139184e+04,2.142414e-01,4.048365e-01,1.428367e+00,1.948100e-01,7.344204e-03,1.194760e-02
1.604538e-08,2.134639e+04,2.148962e-01,3.897603e-01,1.398270e+00,1.888999e-01,8.928082e-03,7.726953e-03
1.609834e-08,2.131202e+04,2.093922e-01,3.504120e-01,1.398897e+00,2.038868e-01,1.617984e-02,3.325963e-03
1.615129e-08,2.136629e+04,1.925727e-01,3.153239e-01,1.391805e+00,2.147246e-01,2.460163e-02,4.499895e-03
1.620425e-08,2.136939e+04,1.793547e-01,3.412132e-01,1.371286e+00,2.132701e-01,2.158553e-02,8.181141e-03
1.625720e-08,2.132773e+04,1.873733e-01,3.996936e-01,1.341132e+00,2.086536e-01,1.311314e-02,9.401962e-03
1.631016e-08,2.138151e+04,1.848577e-01,4.129280e-01,1.331444e+00,1.952372e-01,1.242847e-02,6.465266e-03
1.636311e-08,2.134475e+04,1.744038e-01,3.867734e-01,1.362034e+00,1.816481e-01,1.658493e-02,3.740131e-03
1.641607e-08,2.137170e+04,1.858914e-01,3.679070e-01,1.377116e+00,1.670996e-01,1.596712e-02,4.292332e-03
1.646902e-08,2.132159e+04,1.941417e-01,3.648995e-01,1.334300e+00,1.628419e-01,1.548529e-02,5.771738e-03
1.652198e-08,2.132044e+04,2.084106e-01,3.712017e-01,1.257560e+00,1.859997e-01,1.692523e-02,5.755405e-03
1.657493e-08,2.132820e+04,2.358842e-01,3.691966e-01,1.249133e+00,2.311259e-01,1.682074e-02,6.371150e-03
1.662789e-08,2.127781e+04,2.299657e-01,3.807369e-01,1.370804e+00,2.553625e-01,1.092451e-02,8.022706e-03
1.668084e-08,2.131248e+04,1.985526e-01,3.960750e-01,1.454596e+00,2.255679e-01,6.398424e-03,1.032847e-02
1.673380e-08,2.126428e+04,1.638351e-01,3.809882e-01,1.423281e+00,1.899356e-01,7.622767e-03,8.802420e-03
1.678675e-08,2.124237e+04,1.336007e-01,3.595899e-01,1.379845e+00,1.706357e-01,1.262572e-02,4.574390e-03
1.683971e-08,2.128877e+04,1.358725e-01,3.595571e-01,1.352579e+00,1.582214e-01,1.537601e-02,3.787735e-03
1.689266e-08,2.128212e+04,1.552494e-01,3.704794e-01,1.395038e+00,1.687324e-01,1.671021e-02,9.570277e-03
1.694562e-08,2.125222e+04,1.532765e-01,3.580252e-01,1.432416e+00,1.891522e-01,2.249175e-02,1.497423e-02
1.699857e-08,2.123541e+04,1.472391e-01,3.278407e-01,1.408218e+00,2.156307e-01,2.559331e-02,1.072172e-02
1.705153e-08,2.118984e+04,1.576979e-01,3.314160e-01,1.356610e+00,2.384854e-01,2.477576e-02,8.657432e-03
1.710448e-08,2.117690e+04,1.641390e-01,3.631542e-01,1.319672e+00,2.173095e-01,2.566328e-02,2.101842e-02
1.715744e-08,2.118938e+04,1.569612e-01,3.599972e-01,1.357761e+00,1.889939e-01,2.808019e-02,3.165350e-02
1.721039e-08,2.123598e+04,1.572358e-01,3.168634e-01,1.401736e+00,1.808789e-01,2.564883e-02,1.934901e-02
1.726335e-08,2.125880e+04,1.688565e-01,2.611321e-01,1.356073e+00,1.905716e-01,1.679766e-02,5.452286e-03
1.731630e-08,2.123700e+04,1.781191e-01,2.659782e-01,1.294070e+00,2.096286e-01,1.267499e-02,2.083292e-03
1.736926e-08,2.123376e+04,1.803647e-01,3.121189e-01,1.292813e+00,2.163326e-01,1.191072e-02,2.125941e-03
1.742221e-08,2.123187e+04,1.841904e-01,3.328672e-01,1.370490e+00,2.049934e-01,8.652131e-03,4.303854e-03
1.747517e-08,2.117738e+04,1.882175e-01,3.321162e-01,1.431555e+00,1.981371e-01,4.915680e-03,6.780637e-03
1.752812e-08,2.111751e+04,1.773687e-01,3.378680e-01,1.438694e+00,2.063565e-01,5.611971e-03,5.254007e-03
1.758108e-08,2.122575e+04,1.577922e-01,3.590575e-01,1.431892e+00,2.171735e-01,8.819533e-03,3.499079e-03
1.763403e-08,2.117621e+04,1.627957e-01,3.556745e-01,1.347278e+00,2.285681e-01,9.077864e-03,3.512637e-03
1.768699e-08,2.122738e+04,1.782410e-01,3.048424e-01,1.278321e+00,2.389425e-01,9.612689e-03,4.065800e-03
1.773994e-08,2.117154e+04,1.700413e-01,2.824403e-01,1.341826e+00,2.104182e-01,1.293361e-02,7.432382e-03
1.779290e-08,2.116671e+04,1.715195e-01,3.350055e-01,1.455998e+00,1.878271e-01,1.524541e-02,1.111492e-02
1.784585e-08,2.107356e+04,1.678122e-01,3.868090e-01,1.514639e+00,2.129795e-01,1.729955e-02,1.010756e-02
1.789881e-08,2.118389e+04,1.412970e-01,3.908284e-01,1.514257e+00,2.275981e-01,2.704459e-02,9.521115e-03
1.795176e-08,2.111009e+04,1.127561e-01,3.705114e-01,1.466739e+00,2.148453e-01,3.420296e-02,1.053419e-02
1.800472e-08,2.108371e+04,1.093338e-01,3.391722e-01,1.415346e+00,1.851533e-01,2.491368e-02,8.132168e-03
1.805768e-08,2.114495e+04,1.392703e-01,3.210952e-01,1.343826e+00,1.664635e-01,1.547065e-02,5.415602e-03
1.811063e-08,2.111011e+04,1.618376e-01,3.434004e-01,1.267111e+00,1.839546e-01,1.881153e-02,2.983909e-03
1.816359e-08,2.104562e+04,1.470105e-01,3.571042e-01,1.230498e+00,2.004258e-01,3.004551e-02,2.289195e-03
1.821654e-08,2.109210e+04,1.453875e-01,3.204390e-01,1.308764e+00,1.861584e-01,4.307676e-02,3.541372e-03
1.826950e-08,2.110401e+04,1.534038e-01,2.813424e-01,1.431479e+00,1.843841e-01,4.139528e-02,3.570470e-03
1.832245e-08,2.111363e+04,1.607453e-01,2.931201e-01,1.500099e+00,1.971643e-01,2.672786e-02,2.787649e-03
1.837541e-08,2.112302e+04,1.894014e-01,3.643197e-01,1.512625e+00,2.030488e-01,2.046084e-02,5.312181e-03
1.842836e-08,2.108646e+04,2.102737e-01,3.897674e-01,1.442906e+00,2.001603e-01,1.738047e-02,1.034289e-02
1.848132e-08,2.110825e+04,1.867769e-01,3.790970e-01,1.335771e+00,2.027506e-01,1.426690e-02,1.058629e-02
1.853427e-08,2.105332e+04,1.650033e-01,3.678838e-01,1.253812e+00,2.048643e-01,1.926549e-02,6.582574e-03
1.858723e-08,2.106465e+04,1.721445e-01,3.350168e-01,1.275645e+00,2.024623e-01,2.381518e-02,7.750648e-03
1.864018e-08,2.100020e+04,1.727420e-01,3.273662e-01,1.367137e+00,1.973149e-01,1.872433e-02,1.279369e-02
1.869314e-08,2.104987e+04,1.556802e-01,3.230972e-01,1.391895e+00,1.904116e-01,1.279083e-02,1.218691e-02
1.874609e-08,2.108501e+04,1.431304e-01,2.938777e-01,1.331699e+00,1.848906e-01,1.626909e-02,1.064394e-02
1.879905e-08,2.100836e+04,1.381020e-01,2.820435e-01,1.301871e+00,1.728358e-01,2.041682e-02,1.131531e-02
1.885200e-08,2.095271e+04,1.295563e-01,2.896108e-01,1.373990e+00,1.621675e-01,1.646268e-02,7.433911e-03
1.890496e-08,2.098854e+04,1.181504e-01,2.938572e-01,1.478438e+00,1.674618e-01,1.357418e-02,4.053792e-03
1.895791e-08,2.105572e+04,1.241354e-01,3.187796e-01,1.459125e+00,1.588815e-01,1.262883e-02,4.097953e-03
1.901087e-08,2.103739e+04,1.432914e-01,3.424298e-01,1.345149e+00,1.480843e-01,1.077158e-02,3.919705e-03
1.906382e-08,2.099484e+04,1.345438e-01,3.528298e-01,1.323716e+00,1.952243e-01,5.856217e-03,5.396815e-03
1.911678e-08,2.097670e+04,1.249189e-01,3.803470e-01,1.360856e+00,2.762227e-01,2.532185e-03,9.048932e-03
1.916973e-08,2.098162e+04,1.373394e-01,3.908358e-01,1.367299e+00,3.113298e-01,3.733520e-03,1.152696e-02
1.922269e-08,2.091043e+04,1.599882e-01,3.939122e-01,1.399962e+00,3.028081e-01,8.881777e-03,1.207824e-02
1.927564e-08,2.093879e+04,1.747835e-01,3.974878e-01,1.478462e+00,2.684870e-01,1.276894e-02,1.015081e-02
1.932860e-08,2.088114e+04,1.801725e-01,3.656977e-01,1.452500e+00,2.154249e-01,1.233056e-02,1.251462e-02
1.938155e-08,2.090056e+04,1.731863e-01,3.326029e-01,1.342546e+00,1.949761e-01,1.809583e-02,1.660271e-02
1.943451e-08,2.090359e+04,1.581825e-01,3.333393e-01,1.301279e+00,1.977838e-01,2.659247e-02,1.297663e-02
1.948746e-08,2.097505e+04,1.438403e-01,3.449036e-01,1.300873e+00,1.899789e-01,2.509148e-02,5.819527e-03
1.954042e-08,2.096837e+04,1.253914e-01,3.347474e-01,1.275501e+00,1.953958e-01,1.788942e-02,1.953983e-03
1.959337e-08,2.094053e+04,1.206869e-01,3.459632e-01,1.281255e+00,2.103829e-01,1.277500e-02,7.362300e-04
1.964633e-08,2.094537e+04,1.311636e-01,3.811987e-01,1.354292e+00,2.205326e-01,1.348099e-02,1.013427e-03
1.969928e-08,2.091215e+04,1.334959e-01,3.942935e-01,1.403270e+00,2.383260e-01,1.797756e-02,3.588818e-03
1.975224e-08,2.096068e+04,1.383888e-01,3.725507e-01,1.364625e+00,2.451543e-01,2.047297e-02,7.072616e-03
1.980519e-08,2.093355e+04,1.535523e-01,3.280798e-01,1.324708e+00,2.457885e-01,1.934090e-02,9.910127e-03
1.985815e-08,2.094480e+04,1.829816e-01,3.227962e-01,1.357842e+00,2.387303e-01,2.396350e-02,1.174557e-02
1.991110e-08,2.095227e+04,2.060339e-01,3.417616e-01,1.442949e+00,2.271303e-01,3.763340e-02,1.030673e-02
1.996406e-08,2.090939e+04,2.013108e-01,3.464262e-01,1.476288e+00,2.129898e-01,4.671055e-02,1.290727e-02
2.001701e-08,2.088935e+04,1.741784e-01,3.576172e-01,1.458674e+00,2.014563e-01,4.470366e-02,1.584015e-02
2.006997e-08,2.087690e+04,1.521860e-01,3.479690e-01,1.436843e+00,2.256914e-01,3.722890e-02,1.011825e-02
2.012292e-08,2.085719e+04,1.493004e-01,3.189997e-01,1.413393e+00,2.557929e-01,2.555041e-02,5.743166e-03
2.017588e-08,2.081136e+04,1.534824e-01,3.354304e-01,1.411337e+00,2.570636e-01,1.526253e-02,6.014174e-03
2.022883e-08,2.090832e+04,1.504375e-01,3.812085e-01,1.401372e+00,2.265776e-01,9.906646e-03,5.472038e-03
2.028179e-08,2.084830e+04,1.433008e-01,3.957572e-01,1.372597e+00,2.147246e-01,7.266808e-03,7.211986e-03
2.033474e-08,2.083423e+04,1.513101e-01,4.012080e-01,1.344409e+00,2.232878e-01,1.182513e-02,1.063185e-02
2.038770e-08,2.078152e+04,1.784218e-01,3.898468e-01,1.322521e+00,2.071258e-01,1.752132e-02,1.074404e-02
2.044065e-08,2.083982e+04,1.907366e-01,3.653488e-01,1.310451e+00,1.960926e-01,1.204320e-02,8.493108e-03
2.049361e-08,2.078202e+04,1.784263e-01,3.671946e-01,1.294292e+00,2.004783e-01,6.144565e-03,4.422169e-03
2.054656e-08,2.077944e+04,1.685147e-01,3.735729e-01,1.284137e+00,1.988451e-01,8.743955e-03,1.652768e-03
2.059952e-08,2.074901e+04,1.658973e-01,3.571020e-01,1.313164e+00,1.933191e-01,1.821891e-02,1.319796e-03
2.065247e-08,2.074029e+04,1.430757e-01,3.577168e-01,1.368832e+00,1.839433e-01,2.586533e-02,2.362053e-03
2.070543e-08,2.077565e+04,1.207449e-01,3.528634e-01,1.392758e+00,1.753842e-01,2.383184e-02,7.554481e-03
2.075838e-08,2.079725e+04,1.277077e-01,3.364756e-01,1.381053e+00,1.980214e-01,2.264552e-02,1.737471e-02
2.081134e-08,2.076128e+04,1.538692e-01,3.277719e-01,1.397402e+00,2.330973e-01,2.239382e-02,2.407148e-02
2.086429e-08,2.077430e+04,1.728715e-01,3.616031e-01,1.418506e+00,2.470680e-01,2.076894e-02,2.234257e-02
2.091725e-08,2.073386e+04,1.568802e-01,4.080724e-01,1.392145e+00,2.289563e-01,1.612145e-02,1.486810e-02
2.097020e-08,2.078203e+04,1.346909e-01,3.847335e-01,1.310445e+00,2.089530e-01,8.555681e-03,9.106225e-03
2.102316e-08,2.073994e+04,1.320066e-01,3.283239e-01,1.249417e+00,2.049365e-01,4.669033e-03,9.463141e-03
2.107611e-08,2.080252e+04,1.526143e-01,3.102649e-01,1.254614e+00,2.067726e-01,6.183223e-03,1.039031e-02
2.112907e-08,2.073066e+04,1.672503e-01,3.188030e-01,1.278218e+00,2.110436e-01,9.326424e-03,7.635439e-03
2.118202e-08,2.075592e+04,1.528540e-01,3.214259e-01,1.251680e+00,2.164263e-01,1.016602e-02,4.787984e-03
2.123498e-08,2.073132e+04,1.260368e-01,3.264071e-01,1.238043e+00,2.326833e-01,1.117727e-02,3.455170e-03
2.128793e-08,2.069795e+04,1.221147e-01,3.423759e-01,1.313455e+00,2.462885e-01,1.042602e-02,5.340921e-03
2.134089e-08,2.075663e+04,1.517759e-01,3.517486e-01,1.394817e+00,2.412731e-01,6.347137e-03,9.227525e-03
2.139384e-08,2.078746e+04,1.865577e-01,3.677146e-01,1.409134e+00,2.191741e-01,3.442953e-03,1.208667e-02
2.144680e-08,2.081404e+04,1.934576e-01,3.788960e-01,1.393002e+00,1.997799e-01,4.075963e-03,1.323872e-02
2.149975e-08,2.077270e+04,2.040699e-01,3.467378e-01,1.376938e+00,1.959989e-01,9.419066e-03,8.349010e-03
2.155271e-08,2.077915e+04,2.201541e-01,3.112057e-01,1.361437e+00,2.017111e-01,1.967561e-02,3.218270e-03
2.160566e-08,2.081048e+04,2.188643e-01,2.835687e-01,1.345389e+00,2.020438e-01,2.670646e-02,1.981974e-03
2.165862e-08,2.077978e+04,1.950268e-01,2.662540e-01,1.336807e+00,2.156422e-01,2.673172e-02,2.726394e-03
2.171157e-08,2.085897e+04,1.727429e-01,2.833952e-01,1.365085e+00,2.396220e-01,2.495885e-02,4.946962e-03
2.176453e-08,2.081378e+04,1.696473e-01,3.231788e-01,1.398766e+00,2.438255e-01,2.189102e-02,8.736930e-03
