Distance (nm),C %,C % Error,Fe %,Fe % Error,Si %,Si % Error,C3 %,C3 % Error,C2 %,C2 % Error,Mn %,Mn % Error,Ga %,Ga % Error,Cr %,Cr % Error,V %,V % Error,P %,P % Error,FeC2 %,FeC2 % Error,C4 %,C4 % Error,B %,B % Error,Ni %,Ni % Error,Co %,Co % Error,Zn %,Zn % Error,FeO %,FeO % Error,Cu %,Cu % Error,Mo %,Mo % Error,MoC %,MoC % Error,Mo2 %,Mo2 % Error,W %,W % Error,O %,O % Error,WC %,WC % Error,Pb %,Pb % Error,Bi %,Bi % Error,Sample Count
-19.75,0.385882761,0.040824495,84.91588623,0.235660643,1.409122442,0.077611382,0,0,0,0,0.242802636,0.032406453,0,0,10.31044051,0.200236037,0.056364898,0.015628404,0.008671523,0.006131427,0,0,0,0,0,0,1.413458203,0.077728983,0.320846341,0.037237747,0.013007284,0.007509271,0,0,0.060700659,0.016218009,0.841137704,0.060135649,0,0,0,0,0.013007284,0.007509271,0.004335761,0.004335667,0,0,0.004335761,0.004335667,0,0,23064
-19.25,0.391339487,0.04072005,84.90365392,0.233497392,1.442000936,0.077752011,0,0,0,0,0.302011995,0.035788065,0,0,10.40877962,0.199166162,0.097834872,0.020389999,0.01276107,0.007367137,0,0,0,0,0,0,1.327151304,0.074634903,0.289250925,0.03502606,0.034029521,0.012029205,0,0,0.055297971,0.015332657,0.727381003,0.055421546,0,0,0,0,0.00850738,0.00601537,0,0,0,0,0,0,0,0,23509
-18.75,0.396295678,0.040578434,84.98247956,0.230734045,1.426664442,0.076592899,0,0,0,0,0.24194894,0.031730996,0,0,10.32037377,0.196490914,0.087602203,0.019107993,0.016686134,0.008342371,0,0,0,0,0.004171533,0.004171446,1.314033039,0.073549328,0.262806608,0.033066983,0.016686134,0.008342371,0,0,0.087602203,0.019107993,0.825963624,0.058455761,0,0,0,0,0.016686134,0.008342371,0,0,0,0,0,0,0,0,23972
-18.25,0.421348315,0.041631714,84.57947786,0.232114667,1.404494382,0.075632613,0,0,0,0,0.227197621,0.0306005,0,0,10.81873761,0.19963912,0.086748182,0.018921793,0.016523463,0.008261049,0,0,0,0,0,0,1.313615334,0.073178461,0.29742234,0.034999394,0.016523463,0.008261049,0,0,0.053701256,0.014890049,0.72290152,0.054448341,0,0,0,0,0.033046927,0.011681922,0.004130866,0.004130781,0,0,0.004130866,0.004130781,0,0,24208
-17.75,0.299868551,0.035044297,84.90798554,0.229430898,1.445941505,0.076509726,0,0,0,0,0.275221821,0.033577395,0.004107788,0.004107704,10.56523168,0.19701384,0.094479132,0.019690952,0.032862307,0.011616671,0,0,0,0,0,0,1.174827473,0.069059729,0.283437397,0.034073462,0.020538942,0.009184351,0,0,0.073940191,0.017421426,0.80512652,0.057277059,0,0,0,0,0.012323365,0.00711446,0,0,0,0,0.004107788,0.004107704,0,0,24344
-17.25,0.383157215,0.039235717,85.09720094,0.226161285,1.500362991,0.077204424,0,0,0,0,0.229894329,0.030415226,0.008066468,0.005703624,10.13148342,0.191631548,0.096797612,0.019749165,0.008066468,0.005703624,0,0,0,0,0,0,1.407598613,0.074814855,0.246027265,0.031461789,0.020166169,0.009017676,0,0,0.05243204,0.014538219,0.810680003,0.05694871,0,0,0,0,0,0,0.008066468,0.005703624,0,0,0,0,0,0,24794
-16.75,0.387519476,0.039270329,84.86277016,0.226538857,1.386281012,0.073901832,0,0,0,0,0.255682953,0.031919484,0.007990092,0.005649623,10.49498622,0.193720472,0.091886061,0.019150764,0.007990092,0.005649623,0,0,0,0,0,0,1.354320642,0.073056806,0.33158883,0.036336209,0.019975231,0.008932302,0,0,0.035955415,0.011982984,0.743078583,0.054282354,0,0,0,0,0.007990092,0.005649623,0.011985138,0.006919208,0,0,0,0,0,0,25031
-16.25,0.356520361,0.037513495,84.66566313,0.226781212,1.533037553,0.077329033,0,0,0,0,0.316906988,0.035375092,0.003961337,0.003961259,10.47377595,0.192729275,0.07526541,0.01726057,0.011884012,0.00686083,0,0,0,0,0,0,1.394390746,0.073801293,0.332752337,0.036245801,0.023768024,0.009702102,0,0,0.035652036,0.011881893,0.752654096,0.054397392,0,0,0,0,0.015845349,0.007922047,0.007922675,0.005601955,0,0,0,0,0,0,25244
-15.75,0.353700249,0.03701223,84.70537935,0.224399475,1.360385572,0.072219367,0,0,0,0,0.264303483,0.032009121,0,0,10.55270522,0.191541328,0.101057214,0.019808933,0.011660448,0.00673177,0,0,0,0,0,0,1.515858209,0.076174468,0.260416667,0.031773507,0.031094527,0.010991866,0,0,0.042754975,0.012888354,0.789023632,0.055159695,0,0,0,0,0.007773632,0.005496574,0.003886816,0.00388674,0,0,0,0,0,0,25728
-15.25,0.418618942,0.040012409,84.71848836,0.222981301,1.382594669,0.072363642,0,0,0,0,0.284200015,0.032990601,0,0,10.71894923,0.191713167,0.088332437,0.01841045,0.011521622,0.006651628,0,0,0,0,0,0,1.309624395,0.070454213,0.291881097,0.03343216,0.015362163,0.007680491,0,0,0.04992703,0.013843809,0.695137875,0.051489292,0,0,0,0,0.007681081,0.005431136,0.003840541,0.003840467,0,0,0.003840541,0.003840467,0,0,26038
-14.75,0.384908537,0.03822605,84.56554878,0.223028527,1.532012195,0.07582226,0,0,0,0,0.270579268,0.032068378,0,0,10.68978659,0.190745001,0.083841463,0.017867565,0.007621951,0.005389328,0,0,0,0,0,0,1.314786585,0.07031885,0.27820122,0.032515666,0.015243902,0.00762137,0,0,0.041920732,0.012636927,0.78125,0.054351305,0,0,0,0,0.015243902,0.00762137,0.019054878,0.008520789,0,0,0,0,0,0,26240
-14.25,0.378858225,0.037441427,84.78624225,0.218886621,1.452289864,0.072910184,0,0,0,0,0.274857928,0.031907644,0.003714296,0.003714227,10.44460127,0.186393212,0.066857334,0.015753156,0.007428593,0.005252613,0,0,0,0,0,0,1.366861048,0.07076392,0.312000891,0.033988941,0.018571482,0.008304648,0,0,0.07057163,0.016184528,0.787430821,0.053867625,0,0,0,0,0.026000074,0.009825827,0,0,0,0,0.003714296,0.003714227,0,0,26923
-13.75,0.409134866,0.038929596,84.78762181,0.219029033,1.283195715,0.068640256,0,0,0,0,0.212006249,0.028051131,0,0,10.58915421,0.18765608,0.107862828,0.020018819,0.007438816,0.005259841,0,0,0,0,0,0,1.417094399,0.072083705,0.34962434,0.035997903,0.014877631,0.007438262,0,0,0.078107565,0.01703781,0.725284535,0.05175001,0,0,0,0,0.011158224,0.006441844,0,0,0,0,0.007438816,0.005259841,0,0,26886
-13.25,0.430939227,0.039754409,84.76979742,0.21806627,1.429097606,0.072031158,0,0,0,0,0.239410681,0.029659672,0.003683241,0.003683173,10.55248619,0.186456109,0.114180479,0.020495708,0.007366483,0.005208698,0,0,0,0,0,0,1.399631676,0.071295355,0.290976059,0.032689701,0.018416206,0.008235219,0,0,0.062615101,0.015181637,0.666666667,0.04938749,0,0,0,0,0.014732965,0.00736594,0,0,0,0,0,0,0,0,27150
-12.75,0.350450579,0.035338769,84.66957517,0.215447341,1.355313975,0.069144423,0,0,0,0,0.275354027,0.031336271,0,0,10.71019883,0.184926882,0.050064368,0.013376916,0.017880132,0.007995523,0,0,0,0,0,0,1.358890001,0.069234328,0.343298527,0.034977565,0.035760263,0.011306366,0,0,0.078672579,0.016766451,0.747389501,0.051504458,0,0,0,0,0.007152053,0.005057084,0,0,0,0,0,0,0,0,27964
-12.25,0.345626225,0.035032328,85.20933547,0.211911687,1.329057545,0.068357159,0,0,0,0,0.220915731,0.028025318,0.007126314,0.005038885,10.19775521,0.180639767,0.103331552,0.019178271,0.024942099,0.009426051,0,0,0,0,0,0,1.386068056,0.069787701,0.302868341,0.032800899,0.014252628,0.007125806,0,0,0.049884197,0.013328787,0.783894531,0.052642606,0,0,0,0,0.014252628,0.007125806,0.007126314,0.005038885,0,0,0.003563157,0.003563093,0,0,28065
-11.75,0.371431604,0.036180632,85.05076232,0.212076919,1.209805794,0.065021881,0,0,0,0,0.254695957,0.029977957,0,0,10.2868867,0.180681929,0.106123315,0.019365094,0.014149775,0.007074387,0,0,0,0,0,0,1.567087622,0.073868892,0.32190739,0.033690706,0.014149775,0.007074387,0,0,0.063673989,0.015003324,0.725175988,0.050464508,0,0,0,0,0.007074888,0.005002524,0.007074888,0.005002524,0,0,0,0,0,0,28269
-11.25,0.341391082,0.034252477,85.0925894,0.209148843,1.331080382,0.067297792,0,0,0,0,0.237939239,0.02861042,0,0,10.37621987,0.179076955,0.075864685,0.016168269,0.003448395,0.003448335,0,0,0,0,0,0,1.396599883,0.068911299,0.275871582,0.030800807,0.034483948,0.010902901,0,0,0.058622711,0.014213928,0.744853271,0.050491744,0,0,0,0,0.020690369,0.008445934,0.003448395,0.003448335,0,0,0.003448395,0.003448335,0.003448395,0.003448335,28999
-10.75,0.364586916,0.035347199,84.91779597,0.209884018,1.3035702,0.066522037,0,0,0,0,0.288917934,0.031477959,0.003439499,0.00343944,10.49735159,0.179765117,0.092866479,0.017863862,0.006878998,0.004864019,0,0,0,0,0,0,1.39299718,0.068734789,0.316433927,0.03293828,0.013757997,0.006878525,0,0,0.041273991,0.011912316,0.742931829,0.050361982,0,0,0,0,0.010318498,0.00595708,0.003439499,0.00343944,0,0,0.003439499,0.00343944,0,0,29074
-10.25,0.389306139,0.036551484,84.74471164,0.211043956,1.288499966,0.066196113,0,0,0,0,0.268724592,0.030386158,0.003445187,0.003445128,10.72831255,0.181647316,0.065458554,0.015012306,0.006890374,0.004872062,0,0,0,0,0,0,1.381520017,0.068511606,0.272169779,0.030579793,0.020671122,0.008438078,0,0,0.031006684,0.010333959,0.782057466,0.051703608,0,0,0,0,0.013780748,0.006889899,0.003445187,0.003445128,0,0,0,0,0,0,29026
-9.75,0.360458394,0.034947658,84.78933587,0.209420573,1.469037984,0.070158051,0,0,0,0,0.251640766,0.029215816,0.006801102,0.004808942,10.36487911,0.177744374,0.07481212,0.01594403,0.010201653,0.005889626,0,0,0,0,0,0,1.550651205,0.072050687,0.285646275,0.031122019,0.020403305,0.008328765,0,0,0.044207162,0.01225815,0.748121196,0.050249297,0,0,0,0,0.017002754,0.007603216,0.003400551,0.003400493,0,0,0.003400551,0.003400493,0,0,29407
-9.25,0.318223366,0.032769968,84.58647889,0.210089095,1.415078371,0.068722286,0,0,0,0,0.314838011,0.032595748,0.003385355,0.003385298,10.54538068,0.178704144,0.091404584,0.017582779,0.02031213,0.00829155,0,0,0,0,0,0,1.452317275,0.069607505,0.34869156,0.034297647,0.037238904,0.011225861,0,0,0.050780324,0.013108094,0.802329124,0.051907382,0,0,0,0,0.00677071,0.004787453,0.003385355,0.003385298,0,0,0.003385355,0.003385298,0,0,29539
-8.75,0.376039055,0.035153003,85.04749967,0.204810273,1.279852223,0.064557524,0,0,0,0,0.240796939,0.028149197,0,0,10.43343449,0.175570141,0.098957646,0.01805817,0.019791529,0.008079058,0,0,0,0,0,0,1.392004222,0.06728843,0.319963056,0.032435311,0.019791529,0.008079058,0,0,0.056075999,0.013596614,0.709196464,0.048194984,0,0,0,0,0.006597176,0.004664754,0,0,0,0,0,0,0,0,30316
-8.25,0.36019516,0.034281354,85.02570484,0.204183625,1.283604571,0.064414385,0,0,0,0,0.248862111,0.028510899,0.009823504,0.005671324,10.35724811,0.174362214,0.062215528,0.01426878,0.016372507,0.007321408,0,0,0,0,0,0,1.457153148,0.068570568,0.288156128,0.030673257,0.026196012,0.009260476,0,0,0.088411539,0.017007285,0.743311831,0.049151639,0,0,0,0,0.02292151,0.008662524,0.006549003,0.004630693,0,0,0.003274501,0.003274448,0,0,30539
-7.75,0.431048452,0.037295998,85.28277427,0.201688372,1.34500081,0.065577982,0,0,0,0,0.288445957,0.030531082,0.006481932,0.004583269,9.995138551,0.170751535,0.06157835,0.014122692,0.009722897,0.005613245,0,0,0,0,0,0,1.516771998,0.069579053,0.23983147,0.02784639,0.012963863,0.006481511,0,0,0.03889159,0.011224851,0.748663102,0.049073679,0,0,0,0,0.016204829,0.007246433,0.006481932,0.004583269,0,0,0,0,0,0,30855
-7.25,0.273637446,0.029639512,85.18816599,0.201545151,1.261951518,0.063334728,0,0,0,0,0.286514503,0.030326937,0.006438528,0.00455258,10.41110002,0.173282104,0.090139394,0.017027065,0.012877056,0.006438114,0,0,0,0,0,0,1.413256929,0.066972749,0.289733767,0.030496345,0.012877056,0.006438114,0,0,0.045069697,0.012042668,0.69536104,0.04714854,0,0,0,0,0.006438528,0.00455258,0.003219264,0.003219212,0,0,0.003219264,0.003219212,0,0,31063
-6.75,0.369975544,0.033995946,84.94701198,0.200230816,1.376434439,0.06523995,0,0,0,0,0.228883176,0.026758074,0.006270772,0.004433966,10.31541983,0.17031302,0.084655421,0.016285046,0.003135386,0.003135337,0,0,0,0,0,0,1.448548316,0.066902679,0.366840158,0.033852122,0.018812316,0.007679373,0,0,0.068978491,0.014701191,0.739951088,0.047988177,0,0,0,0,0.01567693,0.007010387,0.003135386,0.003135337,0,0,0.006270772,0.004433966,0,0,31894
-6.25,0.256920018,0.027996239,84.76219605,0.198756628,1.186725799,0.059888325,0,0,0,0,0.29668145,0.030078719,0.006117143,0.004325341,10.72335219,0.171117155,0.079522863,0.015589514,0.015292858,0.006838651,0,0,0,0,0,0,1.630218688,0.070034675,0.324208595,0.031438834,0.012234287,0.006116769,0,0,0.058112861,0.01332813,0.627007188,0.043654576,0,0,0,0,0.009175715,0.005297358,0.006117143,0.004325341,0,0,0.003058572,0.003058525,0.003058572,0.003058525,32695
-5.75,0.312567033,0.030900342,85.33386449,0.195834883,1.283976343,0.062322352,0,0,0,0,0.211442405,0.025427749,0.006128765,0.004333559,10.02359575,0.166244615,0.073545184,0.015006826,0,0,0,0,0,0,0,0,1.516869427,0.067659147,0.337082095,0.032085303,0.018386296,0.007505484,0,0,0.061287654,0.013700136,0.793675114,0.049120475,0,0,0,0,0.021450679,0.008106725,0.006128765,0.004333559,0,0,0,0,0,0,32633
-5.25,0.247857377,0.027172145,85.13154358,0.194419613,1.290052856,0.061666044,0,0,0,0,0.194105175,0.024052406,0.005972467,0.004223046,10.48765192,0.16743355,0.071669603,0.014624253,0.005972467,0.004223046,0,0,0,0,0,0,1.415474662,0.06455313,0.316540747,0.030696456,0.026876101,0.008957496,0,0,0.050765969,0.01230943,0.749544599,0.047133194,0,0,0,0,0.002986233,0.002986189,0.002986233,0.002986189,0,0,0,0,0,0,33487
-4.75,0.332019091,0.03132073,85.44155575,0.192028007,1.313254084,0.061983531,0,0,0,0,0.275694424,0.028548745,0.005928912,0.00419225,9.821243293,0.162034642,0.097827054,0.017021172,0.008893369,0.00513436,0,0,0,0,0.002964456,0.002964412,1.600806332,0.068334132,0.34091246,0.031736016,0.014822281,0.006628234,0,0,0.053360211,0.012573766,0.667002638,0.044318297,0,0,0,0,0.014822281,0.006628234,0.008893369,0.00513436,0,0,0,0,0,0,33733
-4.25,0.330110134,0.03100285,85.61537787,0.189677285,1.203587392,0.058938572,0,0,0,0,0.251234261,0.027057234,0.005842657,0.004131262,10.05813444,0.162566056,0.070111887,0.014306511,0.014606643,0.006531812,0,0,0,0,0,0,1.387631095,0.063225593,0.292132862,0.029170584,0.017527972,0.007155137,0,0,0.049662587,0.012041955,0.683590897,0.044534732,0,0,0,0,0.011685314,0.005842316,0.008763986,0.005059668,0,0,0,0,0,0,34231
-3.75,0.297326863,0.028835973,85.06353258,0.188781658,1.290286387,0.059770535,0,0,0,0,0.297326863,0.028835973,0.005609941,0.003966716,10.47095453,0.162158327,0.081344142,0.015099083,0.014024852,0.006271665,0,0,0,0,0,0,1.483829346,0.064033889,0.297326863,0.028835973,0.030854674,0.009301599,0,0,0.039269586,0.010493177,0.61709349,0.041475867,0,0,0,0,0.008414911,0.004858147,0,0,0,0,0.00280497,0.002804931,0,0,35651
-3.25,0.319417204,0.029868345,85.40487532,0.186883932,1.230036425,0.058344263,0,0,0,0,0.176520034,0.022219797,0.011207621,0.005603497,10.21854861,0.160329945,0.114878117,0.01793064,0.016811432,0.006862661,0,0,0,0,0,0,1.468198375,0.063665962,0.325021014,0.030128362,0.014009526,0.006264812,0,0,0.064443822,0.013433135,0.61922107,0.041524153,0,0,0,0,0.008405716,0.004852838,0.005603811,0.003962381,0,0,0.002801905,0.002801866,0,0,35690
-2.75,0.304468278,0.028854823,85.49524097,0.184431783,1.212387196,0.057316736,0,0,0,0,0.252352086,0.026276306,0.019200702,0.007256487,10.0776257,0.157660366,0.090517596,0.015749958,0.013714787,0.006133019,0,0,0,0,0,0,1.541542091,0.06452288,0.304468278,0.028854823,0.013714787,0.006133019,0,0,0.032915489,0.009500319,0.619908385,0.041107682,0,0,0,0,0.013714787,0.006133019,0.008228872,0.004750746,0,0,0,0,0,0,36457
-2.25,0.265679092,0.026666259,85.80092854,0.180816084,1.186163218,0.056084416,0,0,0,0,0.25762821,0.026260177,0.013418136,0.00600037,9.958940504,0.155127202,0.075141561,0.014195084,0.005367254,0.00379512,0,0,0,0,0.002683627,0.002683591,1.376700749,0.060362974,0.332769772,0.029833844,0.01878539,0.007099543,0,0,0.061723425,0.012866251,0.619917881,0.040660981,0,0,0,0,0.008050882,0.004647992,0.010734509,0.005366966,0,0,0.005367254,0.00379512,0,0,37263
-1.75,0.299329819,0.028116406,85.98977511,0.178641242,1.215861831,0.056405505,0,0,0,0,0.24635109,0.025513933,0.010595746,0.005297592,9.875235093,0.153543545,0.055627665,0.012135575,0.015893619,0.006488027,0,0,0,0,0,0,1.343010781,0.059243328,0.2834362,0.027361952,0.013244682,0.00592281,0,0,0.058276602,0.012420992,0.558925591,0.038370342,0,0,0,0,0.013244682,0.00592281,0.010595746,0.005297592,0,0,0.010595746,0.005297592,0,0,37751
-1.25,0.325141777,0.02858056,85.28040328,0.177874671,1.146817895,0.053454478,0,0,0,0,0.277252678,0.026398334,0.025204789,0.00796945,10.50535602,0.153937859,0.075614367,0.013800011,0.020163831,0.007128272,0,0,0,0,0,0,1.325771897,0.057421933,0.36294896,0.030190808,0.030245747,0.008729874,0,0,0.060491493,0.012344039,0.546943919,0.037027296,0,0,0,0,0.010081916,0.005040704,0.005040958,0.003564406,0,0,0.002520479,0.002520447,0,0,39675
-0.75,0.293301093,0.025588227,84.51325452,0.171184203,1.150814974,0.050467349,0,0,0,0,0.315690489,0.026543937,0.029106215,0.008071437,11.10737955,0.148682499,0.071646068,0.012660817,0.020150457,0.006716142,0,0,0,0,0.004477879,0.003166268,1.477700161,0.057092837,0.315690489,0.026543937,0.047017732,0.010257698,0,0,0.067168189,0.012259058,0.564212789,0.035441657,0,0,0,0,0.008955759,0.004477679,0.013433638,0.005483891,0,0,0,0,0,0,44664
-0.25,0.344470509,0.026934502,82.30943173,0.175419518,1.046091422,0.046771739,0,0,0,0,0.473382785,0.031554265,0.016906528,0.005976855,12.65876286,0.152857771,0.057059532,0.010977979,0.014793212,0.005590895,0,0,0,0,0.004226632,0.002988617,1.944250724,0.063473857,0.344470509,0.026934502,0.054946216,0.010772879,0,0,0.078192692,0.012849773,0.627654853,0.036305752,0,0,0,0,0.016906528,0.005976855,0.006339948,0.003660255,0,0,0.002113316,0.002113294,0,0,47319
0.25,0.614512529,0.039138951,76.32496426,0.212892791,1.50994507,0.061074384,0,0,0,0,0.717349319,0.042265339,0.030098573,0.008687402,15.64874966,0.181956642,0.092803933,0.015249791,0.037623216,0.009712445,0,0,0,0,0.007524643,0.004344191,3.549123379,0.092660783,0.278411799,0.026388867,0.067721789,0.01302865,0,0,0.155509293,0.019734338,0.953121473,0.048660532,0,0,0,0,0.005016429,0.003547062,0.005016429,0.003547062,0,0,0.002508214,0.002508183,0,0,39869
0.75,0.917490262,0.054097542,70.7143547,0.258201935,2.292116022,0.084910501,0,0,0,0,1.001191128,0.056487426,0.025754113,0.009104281,17.02346844,0.213245544,0.138428355,0.02109551,0.080481602,0.016089842,0,0,0,0,0.006438528,0.00455258,5.430898497,0.128584546,0.26076039,0.028935576,0.141647619,0.021339053,0,0,0.141647619,0.021339053,1.806007147,0.075558007,0,0,0,0,0.012877056,0.006438114,0.006438528,0.00455258,0,0,0,0,0,0,31063
1.25,1.379440665,0.071703495,67.4111867,0.288141186,2.879818594,0.102811664,0,0,0,0,1.114890401,0.064548569,0.011337868,0.00654555,17.37717309,0.23294032,0.136054422,0.022660306,0.113378685,0.020688283,0,0,0,0,0.015117158,0.007558008,6.48904006,0.151435106,0.336356765,0.035593733,0.166288738,0.025048118,0,0,0.173847317,0.025610098,2.369614512,0.093505344,0,0,0,0,0.022675737,0.009256281,0,0,0,0,0,0,0.003779289,0.003779218,26460
1.75,1.084205357,0.063650735,70.11446489,0.281351449,2.64062559,0.098550113,0,0,0,0,1.087983076,0.063760311,0.007555438,0.0053423,15.51509199,0.222526415,0.090665256,0.018498576,0.139775603,0.022962903,0,0,0,0,0.022666314,0.009252435,6.467454951,0.151169058,0.253107174,0.030882805,0.139775603,0.022962903,0,0,0.143553323,0.023270703,2.274186846,0.091628915,0,0,0,0,0.011333157,0.00654283,0,0,0,0,0.007555438,0.0053423,0,0,26471
2.25,1.162910011,0.062699868,72.68871635,0.260578243,2.072716079,0.08332117,0,0,0,0,0.889284126,0.054905288,0.013681294,0.006840179,14.4577077,0.205671331,0.04788453,0.012794615,0.140233266,0.021885395,0,0,0,0,0.003420324,0.003420265,5.889797175,0.137689911,0.273625885,0.030550421,0.10603003,0.019033457,0,0,0.136812943,0.021617223,2.096658344,0.083790771,0,0,0,0,0.013681294,0.006840179,0.003420324,0.003420265,0,0,0.003420324,0.003420265,0,0,29237
2.75,0.949974119,0.053525628,75.59906221,0.236995474,1.708126541,0.07149858,0,0,0,0,0.849496087,0.050641521,0.015223944,0.006807837,13.19915964,0.186772828,0.076119721,0.015218149,0.100478032,0.017482191,0,0,0,0,0.015223944,0.006807837,5.279663855,0.123396642,0.337971562,0.032024586,0.133970709,0.020183311,0,0,0.167463386,0.022561843,1.546752733,0.068093249,0,0,0,0,0.012179155,0.006089207,0.003044789,0.003044742,0,0,0.006089578,0.004305851,0,0,32843
3.25,0.886930175,0.049207008,76.82963779,0.221435672,1.256025341,0.058448219,0,0,0,0,0.834595786,0.047745777,0.008263325,0.004770636,13.25988156,0.177990412,0.044071065,0.011015338,0.093651012,0.016053494,0,0,0,0,0.013772208,0.006158694,5.051645779,0.114941522,0.305743011,0.028975445,0.066106597,0.013489492,0,0,0.115686545,0.017840493,1.211954276,0.057426466,0,0,0,0,0.013772208,0.006158694,0.005508883,0.003895261,0,0,0.002754442,0.002754404,0,0,36305
3.75,0.73279444,0.042799488,78.02875777,0.207777846,1.100450757,0.052351249,0,0,0,0,0.788194707,0.044375476,0.010072776,0.005036134,12.7823525,0.167552984,0.042809297,0.010380557,0.047845685,0.010973927,0,0,0,0,0.010072776,0.005036134,4.839968774,0.107694409,0.365138123,0.030267659,0.0831004,0.014459911,0,0,0.176273577,0.021050145,0.972022865,0.049233622,0,0,0,0,0.01259097,0.005630498,0.005036388,0.003561174,0,0,0.002518194,0.002518162,0,0,39711
4.25,0.575553847,0.037678062,78.35222903,0.205130982,0.940236672,0.048069126,0,0,0,0,0.972487534,0.048878621,0.002480836,0.002480805,13.00205909,0.167517253,0.039693369,0.009921373,0.039693369,0.009921373,0,0,0,0,0.012404178,0.005546973,4.668932496,0.105081198,0.332431963,0.028669974,0.076905902,0.013807395,0,0,0.126522613,0.017705498,0.826118237,0.045083617,0,0,0,0,0.017365849,0.006563104,0.014885013,0.006076329,0,0,0,0,0,0,40309
4.75,0.600020084,0.038695457,78.17332798,0.206969812,0.96655955,0.049021792,0,0,0,0,0.876179956,0.046694918,0.005021089,0.003550357,12.97449287,0.168365235,0.045189797,0.01064893,0.032637076,0.009050419,0,0,0,0,0.010042177,0.005020836,4.988451496,0.109082484,0.381602731,0.030892955,0.08786905,0.014846053,0,0,0.163185379,0.020224133,0.677846957,0.0411124,0,0,0,0,0.012552721,0.005613395,0.005021089,0.003550357,0,0,0,0,0,0,39832
5.25,0.596140504,0.039021707,77.92738392,0.210233672,1.099776447,0.052866574,0,0,0,0,0.912197754,0.048193106,0.005139142,0.003633829,13.01487782,0.1705583,0.064239278,0.012843728,0.020556569,0.007267098,0,0,0,0,0.010278285,0.005138878,5.103168281,0.111551682,0.362309531,0.030456643,0.100213274,0.016038924,0,0,0.156743839,0.020053258,0.616697073,0.039684689,0,0,0,0,0.007708713,0.004450456,0,0,0,0,0.002569571,0.002569538,0,0,38917
5.75,0.552020241,0.037456406,77.6508472,0.210598007,0.953257175,0.049121969,0,0,0,0,0.991591914,0.050090245,0.002555649,0.002555617,12.96225306,0.16980274,0.058779933,0.012252861,0.03322344,0.009212994,0,0,0,0,0.005111299,0.003614141,5.415420788,0.114413402,0.337345703,0.029312607,0.140560709,0.018939877,0,0,0.184006747,0.021665443,0.690025301,0.041848468,0,0,0,0,0.007666948,0.004426345,0.007666948,0.004426345,0,0,0.007666948,0.004426345,0,0,39129
6.25,0.426702311,0.033047788,77.11744596,0.212979116,1.038480323,0.051397355,0,0,0,0,1.028198339,0.051144936,0.005140992,0.003635137,13.48739172,0.173185745,0.033416446,0.009266506,0.025704958,0.008127577,0,0,0,0,0.010281983,0.005140727,5.475156158,0.115339932,0.331593964,0.029146776,0.084826363,0.01476011,0,0,0.205639668,0.022967562,0.709456854,0.04255253,0,0,0,0,0.015422975,0.006295918,0.002570496,0.002570463,0,0,0.002570496,0.002570463,0,0,38903
6.75,0.505445261,0.036197029,76.81986348,0.21539269,1.029128237,0.051513925,0,0,0,0,0.97441509,0.05013972,0.007816164,0.004512488,13.5037257,0.174446276,0.059923923,0.012491257,0.018237716,0.00689258,0,0,0,0,0.002605388,0.002605354,5.812620499,0.119431405,0.315251941,0.028614057,0.117242457,0.017467225,0,0,0.140690949,0.01913214,0.677400865,0.041868086,0,0,0,0,0.010421552,0.005210504,0.002605388,0.002605354,0,0,0.002605388,0.002605354,0,0,38382
7.25,0.376864695,0.031346157,76.5192358,0.216846745,1.03114368,0.051679743,0,0,0,0,1.062549071,0.052452518,0.005234232,0.003701064,13.67966501,0.175794697,0.039256739,0.010134057,0.015702696,0.006410095,0,0,0,0,0.007851348,0.0045328,5.964407223,0.121154977,0.382098927,0.031562259,0.073279246,0.013843401,0,0,0.175346768,0.021403228,0.651661869,0.041162613,0,0,0,0,0.010468464,0.005233958,0.002617116,0.002617082,0,0,0.002617116,0.002617082,0,0,38210
7.75,0.385826772,0.031761007,76.40682415,0.217518795,1.023622047,0.051567147,0,0,0,0,1.076115486,0.052858828,0.010498688,0.005249068,13.64041995,0.175835534,0.052493438,0.011734808,0.031496063,0.009090698,0,0,0,0,0.007874016,0.004545886,6.089238845,0.122511455,0.307086614,0.028346543,0.083989501,0.01484115,0,0,0.186351706,0.022095262,0.67191601,0.041853428,0,0,0,0,0.007874016,0.004545886,0.005249344,0.003711749,0,0,0.01312336,0.00586856,0,0,38100
8.25,0.421795416,0.033379931,75.74808998,0.220755322,1.018675722,0.051718625,0,0,0,0,1.005411715,0.051384255,0.005305603,0.003751528,13.98556876,0.178639746,0.047750424,0.011252196,0.01856961,0.007018001,0,0,0,0,0.002652801,0.002652766,6.422432088,0.126266459,0.379350594,0.031662663,0.063667233,0.012991882,0,0,0.164473684,0.020870994,0.700339559,0.042951722,0,0,0,0,0.010611205,0.005305321,0.002652801,0.002652766,0,0,0.002652801,0.002652766,0,0,37696
8.75,0.391513677,0.032119165,75.4536797,0.221348214,1.084598698,0.05327324,0,0,0,0,1.052854346,0.052496264,0,0,14.03100365,0.178631444,0.066134067,0.013222439,0.005290725,0.003741009,0,0,0,0,0,0,6.631924237,0.127985743,0.333315698,0.029644594,0.063488704,0.012955463,0,0,0.137558859,0.019062857,0.735410825,0.043944527,0,0,0,0,0.010581451,0.005290445,0.002645363,0.002645328,0,0,0,0,0,0,37802
9.25,0.370150222,0.031565485,75.26748082,0.224267629,1.010483087,0.051986173,0,0,0,0,1.105047012,0.054338315,0.002701826,0.00270179,13.90089701,0.179824743,0.081054793,0.014792514,0.021614611,0.007641093,0,0,0,0,0.008105479,0.004679511,6.868042797,0.13146029,0.313411866,0.029053925,0.089160272,0.01551389,0,0,0.191829677,0.022744148,0.740300443,0.044557335,0,0,0,0,0.021614611,0.007641093,0.008105479,0.004679511,0,0,0,0,0,0,37012
9.75,0.402104979,0.032875427,74.81041695,0.225511201,1.017406558,0.052131866,0,0,0,0,1.079476454,0.053681715,0.002698691,0.002698655,14.24369181,0.181560309,0.064768587,0.01321655,0.02428822,0.00809509,0,0,0,0,0.002698691,0.002698655,6.94373229,0.132052276,0.33193901,0.029880217,0.102550263,0.016627317,0,0,0.218593982,0.024261659,0.731345298,0.044263311,0,0,0,0,0.013493456,0.00603405,0.005397382,0.003816423,0,0,0.005397382,0.003816423,0,0,37055
10.25,0.411834833,0.03333536,74.26574184,0.227556808,1.056681478,0.053223696,0,0,0,0,1.200281782,0.056683832,0.005418879,0.003831623,14.27603772,0.18209361,0.075864311,0.014331568,0.018966078,0.007167824,0,0,0,0,0,0,7.274845562,0.13519182,0.330551642,0.029877237,0.105668148,0.016911503,0,0,0.17340414,0.021656716,0.791156389,0.046115414,0,0,0,0,0.005418879,0.003831623,0.008128319,0.004692696,0,0,0,0,0,0,36908
10.75,0.405067421,0.033117138,74.17627229,0.228198346,1.120052197,0.054871113,0,0,0,0,1.242387995,0.057754315,0.00815572,0.004708515,14.16376686,0.181800567,0.070682906,0.013857158,0.005437147,0.003844539,0,0,0,0,0.005437147,0.003844539,7.337429317,0.135954836,0.274575903,0.027283789,0.133210091,0.019017334,0,0,0.228360157,0.02488767,0.810134841,0.046739367,0,0,0,0,0.00815572,0.004708515,0.00815572,0.004708515,0,0,0.002718573,0.002718536,0,0,36784
11.25,0.38377193,0.032372351,73.58826754,0.230821001,1.027960526,0.052810109,0,0,0,0,1.274671053,0.058733508,0.002741228,0.00274119,14.70394737,0.185418909,0.049342105,0.011627176,0.005482456,0.003876576,0,0,0,0,0,0,7.579495614,0.138572453,0.304276316,0.028836658,0.123355263,0.018377372,0,0,0.208333333,0.023872566,0.745614035,0.045040632,0,0,0,0,0.002741228,0.00274119,0,0,0,0,0,0,0,0,36480
11.75,0.33923755,0.030660985,74.3486361,0.230284007,1.056641548,0.053917433,0,0,0,0,1.276311765,0.059191741,0.005561271,0.003932303,14.16733865,0.183883377,0.047270806,0.011462144,0.005561271,0.003932303,0,0,0,0,0.002780636,0.002780597,7.360342574,0.13769543,0.272502294,0.027489357,0.119567333,0.018222943,0,0,0.205767038,0.02389531,0.773016712,0.046182919,0,0,0,0,0.016683814,0.00681057,0.002780636,0.002780597,0,0,0,0,0,0,35963
12.25,0.453054645,0.035405502,73.04185891,0.233944248,1.1868364,0.057093192,0,0,0,0,1.298015454,0.059673892,0,0,14.67285563,0.186544487,0.066707432,0.013612055,0.005558953,0.003930664,0,0,0,0,0,0,7.751959531,0.140982697,0.369670354,0.031995182,0.122296959,0.018425683,0,0,0.222358108,0.024832737,0.786591806,0.046573769,0,0,0,0,0.008338429,0.004813994,0.008338429,0.004813994,0,0,0.005558953,0.003930664,0,0,35978
12.75,0.356099597,0.031418964,73.52900264,0.232699391,1.154541661,0.056346108,0,0,0,0,1.14063152,0.056009585,0.002782028,0.002781989,14.33857282,0.184852944,0.052858534,0.012123374,0.008346084,0.004818413,0,0,0,0,0,0,7.95938239,0.142761204,0.356099597,0.031418964,0.077896787,0.014715374,0,0,0.244818473,0.026065771,0.770621783,0.046123423,0,0,0,0,0.005564056,0.003934272,0.002782028,0.002781989,0,0,0,0,0,0,35945
13.25,0.377651894,0.032322177,72.91180718,0.234188372,1.196823281,0.057302933,0,0,0,0,1.257914029,0.058729054,0,0,14.61457292,0.186149263,0.061090748,0.013020612,0.008330556,0.004809449,0,0,0,0,0,0,7.964011996,0.142666226,0.299900033,0.028814589,0.094412973,0.016184046,0,0,0.252693547,0.026455992,0.935799178,0.050737151,0,0,0,0,0.019437965,0.007346146,0.002776852,0.002776814,0,0,0.002776852,0.002776814,0,0,36012
13.75,0.420331812,0.034134152,72.62832647,0.235240097,1.263779089,0.058936113,0,0,0,0,1.263779089,0.058936113,0.005567309,0.003936572,14.71161341,0.186888577,0.083509631,0.015240335,0.011134618,0.005566999,0,0,0,0,0.002783654,0.002783616,8.10043425,0.143952276,0.286716401,0.028210477,0.11412983,0.017813911,0,0,0.253312549,0.026520716,0.837879969,0.048091848,0,0,0,0,0.013918272,0.006224007,0,0,0,0,0,0,0.002783654,0.002783616,35924
14.25,0.409859235,0.033967133,72.50268528,0.237386244,1.187178472,0.057583495,0,0,0,0,1.336989089,0.061062485,0,0,14.94996891,0.189579225,0.090451693,0.015982518,0.005653231,0.003997325,0,0,0,0,0,0,8.058680536,0.144717382,0.310927695,0.029599668,0.127197693,0.018949449,0,0,0.220476002,0.024936456,0.797105546,0.047277385,0,0,0,0,0,0,0.002826615,0.002826575,0,0,0,0,0,0,35378
14.75,0.431166375,0.034557375,72.78088403,0.234748196,1.165540071,0.056607555,0,0,0,0,1.326879746,0.06034924,0.005563437,0.003933835,14.54560628,0.185947227,0.055634371,0.012436763,0.022253748,0.007867013,0,0,0,0,0,0,8.189379399,0.144620064,0.26704498,0.027218748,0.127959053,0.018854459,0,0,0.261481543,0.026934478,0.801134941,0.047017852,0,0,0,0,0.013908593,0.006219679,0,0,0,0,0.005563437,0.003933835,0,0,35949
15.25,0.439035234,0.034851011,72.14349228,0.236310522,1.194842725,0.057275162,0,0,0,0,1.353228854,0.060904335,0.002778704,0.002778665,15.06613316,0.188565611,0.05557408,0.012423289,0.011114816,0.005557099,0,0,0,0,0.005557408,0.003929572,8.224963877,0.144827297,0.313993553,0.029491619,0.161164833,0.02114492,0,0,0.252862065,0.026473612,0.747471379,0.045403488,0,0,0,0,0.016672224,0.00680584,0.011114816,0.005557099,0,0,0,0,0,0,35988
15.75,0.393210201,0.032932528,71.80516711,0.236772264,1.104865284,0.055006035,0,0,0,0,1.401157478,0.061851124,0.008307258,0.004795998,15.29089248,0.189386791,0.077534406,0.014646944,0.01384543,0.006191436,0,0,0,0,0,0,8.254645142,0.144813638,0.335059397,0.030408873,0.102456179,0.016835061,0,0,0.274139507,0.027514266,0.913798355,0.050072583,0,0,0,0,0.016614516,0.006782284,0.005538172,0.00391597,0,0,0.002769086,0.002769048,0,0,36113
16.25,0.403472647,0.033438916,71.42300629,0.238314452,1.124158273,0.055613711,0,0,0,0,1.435806111,0.062752428,0.00278257,0.002782531,15.55178363,0.191165004,0.04173855,0.010774598,0.00556514,0.003935039,0,0,0,0,0.00556514,0.003935039,8.506316434,0.147159862,0.336690968,0.030556699,0.114085369,0.017806975,0,0,0.200345039,0.023587226,0.823640715,0.047675585,0,0,0,0,0.02226056,0.00786942,0.00278257,0.002782531,0,0,0,0,0,0,35938
16.75,0.49020981,0.03696544,71.87036051,0.237973703,1.140087958,0.056188995,0,0,0,0,1.229726323,0.058329646,0.005602398,0.003961383,14.9387938,0.188666811,0.070029973,0.01400109,0.014005995,0.006263233,0,0,0,0,0,0,8.58287347,0.14825253,0.288523488,0.028388022,0.140059946,0.019793591,0,0,0.252107902,0.026540987,0.955208829,0.051479813,0,0,0,0,0.016807193,0.006860931,0.005602398,0.003961383,0,0,0,0,0,0,35699
17.25,0.365713,0.032016447,71.22963963,0.24010519,1.189973837,0.057513227,0,0,0,0,1.417841168,0.062706343,0.002813177,0.002813137,15.63001097,0.192607042,0.084395308,0.015401901,0.008439531,0.00487236,0,0,0,0,0,0,8.492981124,0.147861738,0.278504515,0.027951752,0.112527077,0.01778208,0,0,0.312262638,0.029592347,0.860832138,0.04899823,0,0,0,0,0.005626354,0.003978321,0.005626354,0.003978321,0,0,0.002813177,0.002813137,0,0,35547
17.75,0.429594272,0.034655958,71.44180823,0.239345407,1.151200337,0.056525535,0,0,0,0,1.375824793,0.061724387,0.002807806,0.002807766,15.13968833,0.189930322,0.081426365,0.015114339,0.011231223,0.005615296,0,0,0,0,0,0,8.751930366,0.149743264,0.308858627,0.029403002,0.140390285,0.019840243,0,0,0.227432262,0.025241499,0.915344658,0.050463696,0,0,0,0,0.011231223,0.005615296,0.005615611,0.003970725,0,0,0.005615611,0.003970725,0,0,35615
18.25,0.361622134,0.032157558,71.72172316,0.241264852,1.145136756,0.056999353,0,0,0,0,1.360388026,0.062058219,0.002870017,0.002869976,15.15942944,0.192125693,0.068880406,0.014055311,0.014350085,0.006417092,0,0,0,0,0.005740034,0.0040587,8.615790833,0.150322982,0.295611744,0.029084407,0.134890796,0.01966257,0,0,0.287001693,0.028658955,0.817954826,0.0482529,0,0,0,0,0.008610051,0.004970801,0,0,0,0,0,0,0,0,34843
18.75,0.46047363,0.036206756,71.63654044,0.241066214,1.206955726,0.058398044,0,0,0,0,1.410021737,0.063054884,0,0,15.16702894,0.191832436,0.08008237,0.015128084,0.008580254,0.004953599,0,0,0,0,0,0,8.360027457,0.148025239,0.300308889,0.029263108,0.145864318,0.020410188,0,0,0.297448804,0.029123844,0.92094726,0.051085512,0,0,0,0,0.002860085,0.002860044,0.002860085,0.002860044,0,0,0,0,0,0,34964
19.25,0.429135435,0.034963499,71.60267781,0.24118755,1.235910053,0.059094155,0,0,0,0,1.476225897,0.064505759,0.002860903,0.002860862,15.07123648,0.191360987,0.062939864,0.0134146,0.005721806,0.004045812,0,0,0,0,0.002860903,0.002860862,8.416776335,0.148502039,0.331864737,0.030761696,0.165932368,0.021769903,0,0,0.257481261,0.027105944,0.912628025,0.050863661,0,0,0,0,0.02002632,0.00756848,0.005721806,0.004045812,0,0,0,0,0,0,34954
19.75,0.473637936,0.036564304,71.03150969,0.241575818,1.168495987,0.057230339,0,0,0,0,1.486145381,0.064438335,0.002836155,0.002836115,15.58467342,0.193163253,0.087920815,0.015784101,0.005672311,0.004010816,0,0,0,0,0,0,8.465923594,0.148249617,0.32615786,0.030364737,0.116282368,0.018149693,0,0,0.260926288,0.027167932,0.984145892,0.052571106,0,0,0,0,0,0,0.002836155,0.002836115,0,0,0.002836155,0.002836115,0,0,35259
